,Customer.ID,Years.customer,Months.customer,Minutes.in.2018,Minutes.onnet,Minutes.offnet,Number.of.SMS,KBs.used,Total.Unique.Calls,Previous.provider,Churn.Status
1,ADF1259,3805,126.83,4091.616,1436.324929,2655.291071,81,3624.375,117,KPN,0
2,ADF1192,2905,96.83,3179.28,1949.967368,1229.312632,101,551842.8331,106,Telfort,0
3,ADF1501,3819,127.3,7233.1824,949.0150844,6284.167316,79,2128472.938,94,TELE2,0
4,ADF1762,3643,121.43,7336.176,1765.167079,5571.008921,121,21807.3848,450,Ben,1
5,ADF1345,3809,126.97,5390.94,3519.060527,1871.879473,16,464885.6963,308,TELE2,0
6,ADF1055,2260,75.33,901.32,159.9566916,741.3633084,0,1.0791,162,KPN,0
7,ADF1134,4153,138.43,2543.58,1286.158865,1257.421135,8,157.5615,75,KPN,0
8,ADF1658,165,5.5,1220.2872,223.0037924,997.2834076,7,396747.0527,27,KPN,1
9,ADF1142,1268,42.27,2637.768,1813.472883,824.295117,5,28953422.55,43,TELE2,0
10,ADF1228,717,23.9,3665.82,1342.27152,2323.54848,0,4303770.345,54,Telfort,0
11,ADF1364,1822,60.73,5520.96,1305.854298,4215.105702,0,53584.456,278,Vodafone,0
12,ADF1775,1774,59.13,7822.68,3845.048706,3977.631294,39,8.1387,322,KPN,1
13,ADF1319,325,10.83,5198.1,3121.477327,2076.622673,4,277.9688,289,Vodafone,0
14,ADF1252,585,19.5,4049.904,1405.831958,2644.072042,26,11937595.66,130,0,0
15,ADF0547,1745,58.17,6183.91932,2227.08734,3956.83198,69,2891582.573,16,KPN,1
16,ADF0063,727,24.23,4395.3528,3350.720082,1044.632718,8,252.875,138,Vodafone,0
17,ADF1391,152,5.07,5810.7,4460.026085,1350.673915,0,1260824.879,369,KPN,0
18,ADF0392,168,5.6,277.68,180.0571847,97.62281531,19,29.4697,2,TELE2,1
19,ADF1702,808,26.93,5048.136,2776.283447,2271.852553,26,59040.6368,131,Ben,1
20,ADF0047,4082,136.07,1573.68,1097.242445,476.4375547,0,8.6738,79,T-Mobile,0
21,ADF1704,3380,112.67,5202.66,3272.953054,1929.706946,134,1322829.836,170,T-Mobile,1
22,ADF1348,1417,47.23,5419.62,1087.819752,4331.800248,0,2166780.011,660,Telfort,0
23,ADF1063,118,3.93,1051.74,732.579531,319.160469,102,114262.0723,18,Vodafone,0
24,ADF1997,345,11.5,9955.6872,3461.459623,6494.227577,10,46951698.56,150,KPN,1
25,ADF0406,1201,40.03,334.1688,47.64124028,286.5275597,24,6.9453,3,TELE2,1
26,ADF1629,99,3.3,851.46,274.9057333,576.5542667,0,17733.4561,23,KPN,1
27,ADF1593,105,3.5,479.016,173.2219205,305.7940795,12,2005.1065,9,Vodafone,1
28,ADF0113,113,3.77,4643.58,1002.389157,3641.190843,14,1229.5186,19,TELE2,1
29,ADF1502,981,32.7,7251.6024,3806.621774,3444.980626,2,31.3535,883,KPN,0
30,ADF0363,239,7.97,158.712,82.72850938,75.98349062,14,0.6953,5,KPN,1
31,ADF1249,1341,44.7,4013.2488,2779.60513,1233.64367,36,213.0723,262,0,0
32,ADF1398,137,4.57,5867.1792,4299.943959,1567.235241,29,214114.5029,127,NA,0
33,ADF0291,224,7.47,1872.4008,264.77943,1607.62137,9,1434072.182,16,TELE2,0
34,ADF1417,3515,117.17,6130.08,1992.966091,4137.113909,1,44264.4648,753,TELE2,0
35,ADF1392,741,24.7,5818.2504,1596.599466,4221.650934,101,38622.8975,152,Ben,0
36,ADF1278,170,5.67,4422.6312,930.0913307,3492.539869,40,1205828.366,168,T-Mobile,0
37,ADF1526,830,27.67,7618.9824,3971.069908,3647.912492,0,53822264.18,49,KPN,0
38,ADF1575,2285,76.17,355.2144,117.4529751,237.7614249,0,519.3096,33,TELE2,1
39,ADF1036,1105,36.83,323.28,195.1583104,128.1216896,0,615282.6914,23,KPN,0
40,ADF1177,1355,45.17,3046.656,967.2701258,2079.385874,4,709844.5869,52,KPN,0
41,ADF1061,936,31.2,1025.94,740.8042132,285.1357868,12,9810.959,43,T-Mobile,0
42,ADF0414,906,30.2,347.4,232.0410327,115.3589673,7,69978.7031,2,Vodafone,1
43,ADF1128,3870,129,2479.8,418.1779555,2061.622045,0,28141.0098,100,Telfort,0
44,ADF0623,303,10.1,1270.8288,714.5396587,556.2891413,30,0.9883,23,Ben,1
45,ADF0125,473,15.77,7377.7944,2270.176301,5107.618099,37,5429409.755,537,Telfort,1
46,ADF0554,471,15.7,7448.4072,2598.596985,4849.810215,7,7209087.081,530,T-Mobile,1
47,ADF1572,544,18.13,304.896,38.10102702,266.794973,10,56206.7686,13,Telfort,1
48,ADF0379,635,21.17,248.88,34.03085261,214.8491474,16,9.8418,3,TELE2,1
49,ADF0542,206,6.87,5414.328,2451.594388,2962.733612,64,710991.4942,55,T-Mobile,1
50,ADF1232,3399,113.3,3701.712,2754.736016,946.9759841,19,4647.8037,58,Telfort,0
51,ADF1472,706,23.53,6848.448,1524.834928,5323.613072,65,457845.25,105,KPN,0
52,ADF0369,1350,45,198.684,106.4374522,92.24654779,10,656.3877,2,TELE2,1
53,ADF1293,141,4.7,4862.28,3358.402169,1503.877831,50,210613.8564,78,Telfort,0
54,ADF1796,125,4.17,8767.68,486.2186763,8281.461324,199,341.1387,218,KPN,1
55,ADF1362,3341,111.37,5514.396,4094.521177,1419.874823,6,200704.8692,502,T-Mobile,0
56,ADF0378,1263,42.1,248.52,101.2068886,147.3131114,25,1134.0234,1,TELE2,1
57,ADF0387,855,28.5,258.924,145.5656102,113.3583898,14,4.9688,5,Vodafone,1
58,ADF1791,4863,162.1,8400.9624,2096.116415,6304.845985,183,311973.1495,95,Vodafone,1
59,ADF1202,114,3.8,3297.06,1745.691179,1551.368821,7,13.1279,195,Ben,0
60,ADF1708,2237,74.57,5348.472,1342.865202,4005.606798,20,455796.5185,447,Ben,1
61,ADF1850,2668,88.93,32967.792,14889.55166,18078.24034,35,9890750.658,114,T-Mobile,1
62,ADF1404,3098,103.27,5937.12,1983.155624,3953.964376,1,1290513.913,557,Telfort,0
63,ADF1880,2418,80.6,1186.44,712.3181788,474.1218212,0,42678.7422,9,Telfort,0
64,ADF1411,2747,91.57,6006.192,3562.509666,2443.682334,2,14016501.09,54,Vodafone,0
65,ADF0258,2495,83.17,513.66,340.5875104,173.0724896,1,74275.2901,5,TELE2,0
66,ADF1789,1106,36.87,8293.1904,1910.038633,6383.151767,6,774782.8448,805,T-Mobile,1
67,ADF1434,714,23.8,6323.9352,5185.579298,1138.355902,56,1874057.902,239,Telfort,0
68,ADF1163,110,3.67,2870.58,1685.145784,1185.434216,51,262430.7578,137,T-Mobile,0
69,ADF0555,2185,72.83,7589.82,1650.04828,5939.77172,128,438808.2159,165,T-Mobile,1
70,ADF0442,1277,42.57,458.2824,241.3442795,216.9381205,16,102332.8555,4,TELE2,1
71,ADF0490,591,19.7,914.868,283.5484326,631.3195674,34,1106.2207,20,TELE2,1
72,ADF0612,112,3.73,532.68,123.4836389,409.1963611,0,2771.9062,13,Ben,1
73,ADF0438,2694,89.8,450.408,142.6097662,307.7982338,37,4824.7158,4,TELE2,1
74,ADF1772,1174,39.13,7805.64,3508.972951,4296.667049,2,1831580.459,334,TELE2,1
75,ADF0317,109,3.63,2924.4,1663.607861,1260.792139,4,52642.8291,33,Ben,0
76,ADF1067,132,4.4,1081.428,732.5848683,348.8431317,0,49.0645,112,Vodafone,0
77,ADF1266,1883,62.77,4272.384,958.9722817,3313.411718,19,1863.6113,150,Telfort,0
78,ADF0621,662,22.07,1118.4432,84.54593208,1033.897268,18,1752.0635,30,T-Mobile,1
79,ADF1437,4155,138.5,6356.724,1574.136412,4782.587588,0,793819.2588,444,Ben,0
80,ADF1442,135,4.5,6439.728,3396.146074,3043.581926,0,41440817.15,114,Ben,0
81,ADF1787,4846,161.53,8204.34,1778.468885,6425.871115,0,3076593.199,597,KPN,1
82,ADF1100,282,9.4,1912.332,1456.616721,455.7152791,18,12481926.14,3,KPN,0
83,ADF0534,651,21.7,4434.3168,1474.781741,2959.535059,137,8560.0986,75,KPN,1
84,ADF0091,1196,39.87,930.0048,172.9844185,757.0203815,24,254941.6182,13,Telfort,1
85,ADF1344,377,12.57,5384.04,1295.670841,4088.369159,0,1376099.551,694,Ben,0
86,ADF0560,452,15.07,10126.08,3393.578312,6732.501688,18,12370663.76,578,KPN,1
87,ADF1094,931,31.03,1778.52,895.7748129,882.7451871,2,36708.586,55,KPN,0
88,ADF1145,365,12.17,2697.8304,1757.40558,940.4248203,7,20118693.29,11,Ben,0
89,ADF0359,172,5.73,142.152,27.91673623,114.2352638,14,79.1143,2,TELE2,1
90,ADF0092,174,5.8,940.632,350.3716493,590.2603507,32,201527.4873,23,Vodafone,1
91,ADF0375,942,31.4,238.9824,122.6376778,116.3447222,3,75.1768,15,Ben,1
92,ADF1148,120,4,2748.4152,618.4835743,2129.931626,0,13718896.96,140,KPN,0
93,ADF0325,257,8.57,3480.6096,1925.529454,1555.080146,7,32422253.71,32,T-Mobile,0
94,ADF1656,137,4.57,1179.54,633.2156382,546.3243618,0,38424.5,40,Vodafone,1
95,ADF1627,1866,62.2,838.92,520.1770689,318.7429311,15,15420.0967,41,Vodafone,1
96,ADF1925,-4,-0.13,17392.944,5465.523535,11927.42046,25,305853.3282,642,Vodafone,1
97,ADF1458,1653,55.1,6635.472,5269.783997,1365.688003,14,2959285.291,527,Ben,0
98,ADF1310,813,27.1,5042.796,3453.148461,1589.647539,1,1090308.83,271,KPN,0
99,ADF0463,1303,43.43,633.36,220.3431982,413.0168018,32,10.5029,11,TELE2,1
100,ADF1722,984,32.8,5786.4768,3327.017311,2459.459489,59,126.918,233,T-Mobile,1
101,ADF1963,497,16.57,4724.22,2130.037973,2594.182027,0,648.1895,20,KPN,0
102,ADF1515,164,5.47,7469.1264,5148.534483,2320.591917,2,8571344.329,328,Ben,0
103,ADF1197,307,10.23,3235.44,1017.493353,2217.946647,10,21856.3565,49,KPN,0
104,ADF0280,569,18.97,1419.7704,997.5374816,422.2329184,18,9040.2402,52,TELE2,0
105,ADF0112,2086,69.53,4626.1824,1471.409821,3154.772579,32,875100.6367,222,Telfort,1
106,ADF0492,3576,119.2,922.404,650.0646278,272.3393722,7,289.2783,37,TELE2,1
107,ADF1158,307,10.23,2841.636,978.7525627,1862.883437,5,3494.374,96,TELE2,0
108,ADF1564,1850,61.67,235.68,91.2636762,144.4163238,18,10.749,4,KPN,1
109,ADF1146,745,24.83,2702.7072,1711.262812,991.444388,32,118434.7422,176,TELE2,0
110,ADF1207,1758,58.6,3338.1696,2242.308995,1095.860605,5,190.5137,193,Telfort,0
111,ADF1504,743,24.77,7299.564,3694.180639,3605.383361,9,159984.2959,337,0,0
112,ADF1696,243,8.1,4841.676,414.9615997,4426.7144,7,106262.2588,245,TELE2,1
113,ADF1649,2111,70.37,1150.08,536.1797362,613.9002638,0,164809.3564,12,KPN,1
114,ADF1429,3382,112.73,6277.968,1807.973243,4469.994757,7,312453.664,364,TELE2,0
115,ADF0087,388,12.93,731.5968,481.062203,250.534597,30,7794.5664,13,Vodafone,1
116,ADF1418,451,15.03,6134.4,4562.237843,1572.162157,11,2651372.843,500,T-Mobile,0
117,ADF1201,2543,84.77,3268.668,821.6250804,2447.04292,42,968509.3301,822,Vodafone,0
118,ADF1662,227,7.57,1319.424,826.220094,493.203906,34,35845.0654,55,KPN,1
119,ADF0085,1868,62.27,720.7224,134.6027785,586.1196215,23,440.1846,23,Vodafone,1
120,ADF0417,105,3.5,361.452,134.7014764,226.7505236,0,1000420.099,2,TELE2,1
121,ADF0311,2812,93.73,2643.0096,1447.97817,1195.03143,7,946863.3144,41,Telfort,0
122,ADF0641,1198,39.93,14930.628,9934.72701,4995.90099,26,1213104.434,268,Ben,1
123,ADF1834,4236,141.2,15407.7,10431.56533,4976.134672,17,813623.8799,624,KPN,1
124,ADF1761,2576,85.87,7333.3224,4177.66726,3155.65514,42,353759.3291,98,Ben,1
125,ADF0366,210,7,184.7304,97.71672548,87.01367452,7,702.4287,9,TELE2,1
126,ADF1453,2312,77.07,6563.532,4434.814135,2128.717865,15,459247.2343,63,T-Mobile,0
127,ADF1171,3192,106.4,2968.38,1855.466679,1112.913321,2,2555.8096,87,TELE2,0
128,ADF1773,366,12.2,7806.8928,2531.893897,5274.998903,24,266689.4639,1128,TELE2,1
129,ADF1755,129,4.3,6813.12,4144.869557,2668.250443,76,6615818.753,168,KPN,1
130,ADF0460,112,3.73,618.6504,258.1634803,360.4869197,2,1262138.999,13,TELE2,1
131,ADF1900,129,4.3,634.572,346.5321536,288.0398464,7,4.5273,34,Telfort,1
132,ADF1422,3955,131.83,6174.84,4865.889868,1308.950132,24,590660.2422,339,Vodafone,0
133,ADF1546,793,26.43,40130.88,1126.421909,39004.45809,12,7201706.051,575,T-Mobile,0
134,ADF1226,517,17.23,3649.392,2381.256916,1268.135084,2,34119740.49,44,TELE2,0
135,ADF1070,3479,115.97,1133.4,351.9437668,781.4562332,28,5279.8809,32,Telfort,0
136,ADF1631,974,32.47,878.628,503.7786794,374.8493206,23,900.5996,30,TELE2,1
137,ADF0470,671,22.37,713.712,17.48289007,696.2291099,5,151865.1455,5,TELE2,1
138,ADF0099,1397,46.57,1181.448,676.5353255,504.9126745,11,196.5947,48,Vodafone,1
139,ADF0281,1910,63.67,1481.6088,1110.373384,371.2354165,23,13070.3477,174,KPN,0
140,ADF0105,2132,71.07,3883.2408,1627.237024,2256.003776,15,6050.709,200,Telfort,1
141,ADF0473,117,3.9,753.9624,503.7214129,250.2409871,0,151034.4561,15,TELE2,1
142,ADF0383,2793,93.1,254.88,40.33208805,214.547912,12,332.3574,7,TELE2,1
143,ADF1314,1056,35.2,5083.0392,1331.814017,3751.225183,25,274.0664,415,Telfort,0
144,ADF0472,942,31.4,750.9,295.6369291,455.2630709,2,12096.7159,22,TELE2,1
145,ADF1031,123,4.1,165.06,29.68736312,135.3726369,2,398.6514,5,KPN,0
146,ADF1638,369,12.3,958.524,698.1933085,260.3306915,17,4868.1738,12,T-Mobile,1
147,ADF1543,206,6.87,26903.34,9439.315535,17464.02446,255,2807094.601,569,Ben,0
148,ADF1774,281,9.37,7820.268,361.1907333,7459.077267,3,23869.7158,452,KPN,1
149,ADF1333,284,9.47,5284.62,3180.07267,2104.54733,0,84606.3692,932,TELE2,0
150,ADF1475,3114,103.8,6873.66,2972.138872,3901.521128,2,1164443.296,600,T-Mobile,0
151,ADF0335,151,5.03,5397.7944,2499.201588,2898.592812,5,39960102.3,33,Vodafone,0
152,ADF1675,1534,51.13,4147.392,393.31135,3754.08065,0,4451.5489,251,Vodafone,1
153,ADF0510,195,6.5,1196.2704,659.0088865,537.2615135,24,269214.8594,2,TELE2,1
154,ADF1974,207,6.9,533.34,354.0775589,179.2624411,18,365.0967,22,TELE2,1
155,ADF1132,1061,35.37,2538.0768,1587.924206,950.1525942,5,381433.8233,351,Ben,0
156,ADF0338,1439,47.97,6483.72,1115.708189,5368.011811,16,2591950.424,166,KPN,0
157,ADF1797,331,11.03,8810.22,3194.871959,5615.348041,164,285336.3916,87,Vodafone,1
158,ADF0608,2085,69.5,450.948,219.5306497,231.4173503,21,47.126,16,Ben,1
159,ADF1566,619,20.63,250.2,76.77360774,173.4263923,25,248.5791,1,KPN,1
160,ADF1149,4246,141.53,2766.18,707.266917,2058.913083,0,1807971.923,260,T-Mobile,0
161,ADF1169,1994,66.47,2933.496,1543.062645,1390.433355,31,5483217.191,28,0,0
162,ADF1027,1869,62.3,70.092,22.93238352,47.15961648,0,9.8506,11,Ben,0
163,ADF0295,127,4.23,1961.148,1309.96955,651.1784504,2,11379472.08,5,Vodafone,0
164,ADF1264,117,3.9,4238.916,417.1787042,3821.737296,54,66691.7031,254,Ben,0
165,ADF0056,885,29.5,2743.5024,1679.429222,1064.073178,8,18400.9336,45,Telfort,0
166,ADF1720,3653,121.77,5719.44,3028.43681,2691.00319,24,565084.7032,560,T-Mobile,1
167,ADF0606,941,31.37,419.988,277.8646629,142.1233371,10,28.8105,22,T-Mobile,1
168,ADF1167,137,4.57,2922.132,597.4012404,2324.73076,0,3837.4932,228,Vodafone,0
169,ADF1138,1493,49.77,2604.9432,164.5691249,2440.374075,36,1196437.882,54,Ben,0
170,ADF1590,991,33.03,461.808,65.66331224,396.1446878,13,29.2568,70,KPN,1
171,ADF0361,1317,43.9,149.436,0.732208765,148.7037912,12,32.9023,1,TELE2,1
172,ADF1330,888,29.6,5271.9,2394.957238,2876.942762,9,115805.208,237,Telfort,0
173,ADF0456,1436,47.87,588.1968,255.981774,332.215026,5,245.7012,21,KPN,1
174,ADF0123,422,14.07,7021.02,1094.866215,5926.153785,27,106.0205,293,KPN,1
175,ADF1954,113,3.77,812.04,610.0998727,201.9401273,0,740.4785,19,Vodafone,0
176,ADF0128,322,10.73,7929.096,2249.312351,5679.783649,23,2603045.233,39,Ben,1
177,ADF1754,719,23.97,6758.4144,2279.956674,4478.457726,21,1227795.178,331,Vodafone,1
178,ADF1680,203,6.77,4344.06,3219.854948,1124.205052,15,3615.8906,138,TELE2,1
179,ADF1298,2680,89.33,4906.32,3391.127503,1515.192497,19,997772.8184,234,Telfort,0
180,ADF1327,362,12.07,5258.52,1940.871472,3317.648528,0,1059366.387,469,Ben,0
181,ADF0436,3746,124.87,421.596,156.272661,265.323339,32,194.0635,2,TELE2,1
182,ADF0539,192,6.4,5075.9784,2476.88372,2599.09468,27,6248.2051,138,0,1
183,ADF1215,3031,101.03,3473.928,2038.621429,1435.306571,13,4529486.773,48,KPN,0
184,ADF1576,558,18.6,356.6328,175.5786405,181.0541595,19,1131.0879,6,T-Mobile,1
185,ADF1462,120,4,6683.2104,1266.366569,5416.843831,4,0.1211,111,Ben,0
186,ADF1413,5374,179.13,6051.48,4466.731665,1584.748335,0,525649.7168,682,Vodafone,0
187,ADF1295,134,4.47,4875,1290.879123,3584.120877,74,663969.1299,554,T-Mobile,0
188,ADF1451,834,27.8,6546.96,4542.630009,2004.329991,0,353192.4229,680,Vodafone,0
189,ADF1570,1971,65.7,282.7224,80.84403616,201.8783638,28,231.5186,4,KPN,1
190,ADF1919,1257,41.9,9523.08,4246.072386,5277.007614,45,3094540.414,524,TELE2,1
191,ADF1910,1822,60.73,6025.6776,2410.495625,3615.181975,21,144950.4023,241,TELE2,1
192,ADF0372,1433,47.77,222.0144,132.0050251,90.00937488,15,2441.9629,2,TELE2,1
193,ADF0053,427,14.23,2419.308,930.5180207,1488.789979,15,28.002,60,KPN,0
194,ADF1585,405,13.5,424.488,112.6834318,311.8045682,18,17.1338,27,KPN,1
195,ADF0069,1326,44.2,21953.64,10887.6788,11065.9612,31,22332.0303,1059,TELE2,0
196,ADF1121,568,18.93,2347.4328,1438.148433,909.2843668,0,52.0947,57,KPN,0
197,ADF0386,2215,73.83,257.46,154.0868253,103.3731747,19,704,2,TELE2,1
198,ADF1798,1212,40.4,8968.8528,3740.642062,5228.210738,4,4970058.625,397,T-Mobile,1
199,ADF1700,1033,34.43,4999.8264,2644.63366,2355.19274,36,1087124.287,50,Vodafone,1
200,ADF0397,107,3.57,301.68,25.64324796,276.036752,3,9157.915,8,TELE2,1
201,ADF1612,1587,52.9,689.7624,109.6055481,580.1568519,18,68.9609,369,KPN,1
202,ADF0298,3609,120.3,2005.86,1117.648601,888.2113993,0,801397.2559,15,KPN,0
203,ADF1189,117,3.9,3168.948,800.5853793,2368.362621,0,1294.5195,96,Vodafone,0
204,ADF1110,4251,141.7,2132.82,1436.465083,696.3549166,17,80075.2998,273,Vodafone,0
205,ADF0073,431,14.37,196.08,47.87295692,148.2070431,15,6.3379,1,Vodafone,1
206,ADF0524,302,10.07,1321.644,264.2471136,1057.396886,20,230911.1406,17,Ben,1
207,ADF1231,4846,161.53,3701.7,744.0901283,2957.609872,4,53964.1377,560,KPN,0
208,ADF1185,2051,68.37,3139.6656,836.4746187,2303.190981,50,168358.9795,73,KPN,0
209,ADF0474,123,4.1,754.8,479.6705483,275.1294517,16,11007903.08,8,TELE2,1
210,ADF0285,1058,35.27,1666.5,511.27611,1155.22389,4,173652.1992,15,TELE2,0
211,ADF0636,2833,94.43,8043.492,5755.305416,2288.186584,44,221134.4307,155,TELE2,1
212,ADF1150,984,32.8,2771.448,1693.03938,1078.40862,13,1024847.318,123,Telfort,0
213,ADF0418,1399,46.63,361.752,155.8169323,205.9350677,26,56.3018,7,KPN,1
214,ADF1218,110,3.67,3536.82,108.7783322,3428.041668,130,727.7734,239,TELE2,0
215,ADF0265,1649,54.97,778.1448,631.4704048,146.6743952,0,484796.5537,18,0,0
216,ADF1212,933,31.1,3418.728,472.1653338,2946.562666,23,23344.958,85,KPN,0
217,ADF1557,2299,76.63,178.572,19.42356089,159.1484391,14,108.9141,3,KPN,1
218,ADF1466,2237,74.57,6768.66,2191.24572,4577.41428,82,1235577.751,401,KPN,0
219,ADF1965,1795,59.83,6149.076,1631.841151,4517.234849,112,493671.9863,149,Vodafone,0
220,ADF1356,2260,75.33,5485.68,2916.743332,2568.936668,5,874135.6006,512,T-Mobile,0
221,ADF0597,1399,46.63,6438.108,3647.075596,2791.032404,29,7174325.615,153,Ben,0
222,ADF1368,5363,178.77,5536.308,1875.355806,3660.952194,11,1838701.68,929,T-Mobile,0
223,ADF1624,109,3.63,784.74,487.5557661,297.1842339,4,69972.8086,40,KPN,1
224,ADF1920,1851,61.7,11013.48,3462.464448,7551.015552,138,683233.4356,200,Ben,1
225,ADF0332,185,6.17,4476.588,2727.046288,1749.541712,106,7210.998,33,TELE2,0
226,ADF1726,1630,54.33,5870.988,1912.613359,3958.374641,17,633.0381,6,KPN,1
227,ADF0081,546,18.2,513.9,56.56021667,457.3397833,14,48.4814,17,Ben,1
228,ADF1373,1915,63.83,5644.044,941.3900191,4702.653981,0,248445.0889,122,TELE2,0
229,ADF1607,133,4.43,625.5144,351.0297021,274.4846979,9,11.0625,85,Telfort,1
230,ADF1208,1421,47.37,3380.58,952.1902541,2428.389746,18,36468.0557,241,Ben,0
231,ADF1760,240,8,7302.672,2467.328458,4835.343542,30,37986.0157,615,KPN,1
232,ADF1887,110,3.67,4943.0496,3068.790515,1874.259085,0,2622796.203,62,TELE2,0
233,ADF1416,1177,39.23,6110.148,1917.896161,4192.251839,7,390166.9218,420,T-Mobile,0
234,ADF1710,1120,37.33,5395.08,2296.554887,3098.525113,243,150471.0674,110,TELE2,1
235,ADF0078,3418,113.93,370.7304,181.38092,189.34948,24,893.3828,3,Vodafone,1
236,ADF1219,577,19.23,3566.5128,797.2032774,2769.309523,0,78694.167,262,Vodafone,0
237,ADF1352,1048,34.93,5459.88,3618.084293,1841.795707,14,54.04,786,Ben,0
238,ADF1738,157,5.23,6187.2648,3903.097975,2284.166825,58,3274262.34,139,KPN,1
239,ADF0327,4157,138.57,4071.7488,3474.541442,597.2073579,5,11958959.19,44,TELE2,0
240,ADF1454,856,28.53,6595.7784,5239.77432,1356.00408,3,117901.6543,288,KPN,0
241,ADF0453,204,6.8,559.56,409.6935435,149.8664565,17,15207.4532,6,Ben,1
242,ADF1120,136,4.53,2325.9408,1365.778348,960.1624516,15,101347.7236,25,Ben,0
243,ADF0394,111,3.7,286.86,106.0891465,180.7708535,26,453.0557,3,TELE2,1
244,ADF0503,1962,65.4,1106.4624,459.3900587,647.0723413,1,209621.2959,6,KPN,1
245,ADF1130,112,3.73,2510.5584,1780.653381,729.9050187,0,2779944,43,KPN,0
246,ADF1029,2622,87.4,92.772,29.48317191,63.28882809,0,28.6494,12,KPN,0
247,ADF1659,1477,49.23,1244.7648,393.8466278,850.9181722,29,17646.5743,528,Ben,1
248,ADF1385,3561,118.7,5770.9272,2090.96075,3679.96645,58,435237.2461,61,KPN,0
249,ADF1221,715,23.83,3601.08,2832.610103,768.4698965,3,1026631.681,221,Vodafone,0
250,ADF1617,916,30.53,750.1728,357.1598157,393.0129843,10,1.6064,49,KPN,1
251,ADF1062,937,31.23,1032.6,711.1374757,321.4625243,32,182.8115,19,KPN,0
252,ADF0048,1144,38.13,1746.18,530.7367986,1215.443201,18,26.0684,46,T-Mobile,0
253,ADF1909,833,27.77,5515.68,2616.095478,2899.584522,38,285931.5283,408,Telfort,1
254,ADF0124,274,9.13,7293.18,3226.629997,4066.550003,75,4970152.598,72,TELE2,1
255,ADF1118,1570,52.33,2318.5848,1574.23385,744.35095,12,49.6992,300,Telfort,0
256,ADF0513,348,11.6,1212.0384,300.8548164,911.1835836,98,5577.5479,25,TELE2,1
257,ADF1983,615,20.5,988.44,647.8842517,340.5557483,49,535548.8135,15,Vodafone,1
258,ADF1740,266,8.87,6199.8,3578.642432,2621.157568,28,267228.8955,136,TELE2,1
259,ADF1586,803,26.77,429.684,235.9938788,193.6901212,16,2583.5283,2,KPN,1
260,ADF1807,4742,158.07,9966.8952,3564.945672,6401.949528,58,4307.1953,216,Telfort,1
261,ADF1415,1867,62.23,6095.16,4780.245214,1314.914786,136,3707693.869,74,KPN,0
262,ADF0340,138,4.6,6578.5344,868.3976538,5710.136746,665,2378915.897,30,KPN,0
263,ADF1360,3279,109.3,5505.54,2763.088336,2742.451664,0,1846070.15,1073,Ben,0
264,ADF1127,1974,65.8,2455.5648,1718.504387,737.0604135,1,79.1602,99,Vodafone,0
265,ADF1336,2180,72.67,5299.02,727.8844534,4571.135547,0,24901.0264,712,Telfort,0
266,ADF1725,455,15.17,5852.772,2986.90065,2865.87135,29,424396.3096,507,TELE2,1
267,ADF1506,3840,128,7322.88,2629.707076,4693.172924,0,30812.7959,1256,KPN,0
268,ADF0620,1742,58.07,1067.7336,235.1147459,832.6188541,33,4096.9658,24,KPN,1
269,ADF1424,1558,51.93,6214.6224,4018.969695,2195.652705,9,1454622.967,716,Ben,0
270,ADF1246,369,12.3,3942.36,1881.473599,2060.886401,21,1801790.789,153,Ben,0
271,ADF1765,1248,41.6,7390.56,2774.508918,4616.051082,69,23.7227,95,T-Mobile,1
272,ADF0299,125,4.17,2114.82,731.6678434,1383.152157,81,22.4756,30,Telfort,0
273,ADF1159,4150,138.33,2842.8,1764.962834,1077.837166,4,8299015.549,132,KPN,0
274,ADF1636,200,6.67,924.66,153.7660359,770.8939641,27,8.5322,92,Telfort,1
275,ADF0360,99,3.3,146.8104,41.0077639,105.8026361,2,87.3818,1,TELE2,1
276,ADF0376,124,4.13,244.86,67.90092566,176.9590743,0,9123.917,15,TELE2,1
277,ADF1474,4874,162.47,6868.8,4896.113074,1972.686926,18,288638.6953,460,Ben,0
278,ADF1495,731,24.37,7132.7832,1851.512009,5281.271191,0,11099077.72,23,KPN,0
279,ADF1292,164,5.47,4852.08,3194.089736,1657.990264,113,16732.7481,176,TELE2,0
280,ADF1372,3437,114.57,5578.9464,2987.514621,2591.431779,12,717.7168,477,TELE2,0
281,ADF1235,1129,37.63,3795.9,883.7094879,2912.190512,0,900906.9424,11,KPN,0
282,ADF1044,1533,51.1,612.612,464.8653575,147.7466425,2,0.1016,168,KPN,0
283,ADF0296,2132,71.07,1996.8,1384.568738,612.2312615,5,7639898.588,30,KPN,0
284,ADF0127,1877,62.57,7866.42,777.1235959,7089.296404,45,50528.8896,256,Telfort,1
285,ADF1037,94,3.13,349.68,69.87757957,279.8024204,0,11353.8008,11,KPN,0
286,ADF1478,1494,49.8,6905.5608,4365.224971,2540.335829,16,990555.9746,571,KPN,0
287,ADF1097,347,11.57,1813.6488,772.0929221,1041.555878,13,156889.3486,23,T-Mobile,0
288,ADF0412,2943,98.1,338.64,178.7684256,159.8715744,15,360.6484,1,TELE2,1
289,ADF1776,104,3.47,7851.24,2517.991908,5333.248092,305,776938.2256,132,Vodafone,1
290,ADF1744,2009,66.97,6501.6216,1517.556511,4984.065089,6,1874757.089,146,KPN,1
291,ADF1378,4630,154.33,5683.872,3909.198342,1774.673658,79,876375.288,41,T-Mobile,0
292,ADF0093,1706,56.87,948.096,101.4211823,846.6748177,48,98.5938,22,TELE2,1
293,ADF0074,2292,76.4,233.832,81.14485306,152.6871469,19,422.5977,4,Vodafone,1
294,ADF0356,1207,40.23,123.336,30.02560837,93.31039163,5,71.0518,2,TELE2,1
295,ADF1532,2304,76.8,21666.96,18271.6195,3395.340504,49,10300976.04,1152,T-Mobile,0
296,ADF1430,1974,65.8,6285.3,670.0714549,5615.228545,8,4177100.395,16,Ben,0
297,ADF1608,107,3.57,629.46,197.1538962,432.3061038,30,669.2129,27,Vodafone,1
298,ADF1498,2300,76.67,7218.972,1924.006492,5294.965508,23,3194449.683,725,TELE2,0
299,ADF0525,3850,128.33,1350.5496,849.4147222,501.1348778,34,202.6494,51,TELE2,1
300,ADF1431,1102,36.73,6295.1424,1664.882615,4630.259785,29,905747.2099,781,Telfort,0
301,ADF1555,116,3.87,135.48,84.02527803,51.45472197,7,7.0996,1,KPN,1
302,ADF1707,565,18.83,5333.2464,4122.701773,1210.544627,19,179826.9209,478,TELE2,1
303,ADF0134,2245,74.83,16570.8,1635.210618,14935.58938,27,1276707.515,76,0,1
304,ADF1562,1391,46.37,204.204,58.5811881,145.6228119,4,1579.3291,7,TELE2,1
305,ADF1879,5451,181.7,1048.62,686.9024551,361.7175449,29,72.1592,23,Vodafone,0
306,ADF0065,597,19.9,4583.52,2321.964736,2261.555264,89,314353.6328,82,T-Mobile,0
307,ADF0407,460,15.33,336.36,76.62342481,259.7365752,33,337.5703,4,Vodafone,1
308,ADF1496,151,5.03,7149.24,2278.895233,4870.344767,23,48385.6914,662,T-Mobile,0
309,ADF1848,594,19.8,31326.9,4703.188015,26623.71199,20,694552.8369,424,Ben,1
310,ADF1742,3611,120.37,6493.5,2196.385356,4297.114644,56,1242062.572,97,TELE2,1
311,ADF1497,147,4.9,7203.432,2476.230875,4727.201125,0,4512623.857,42,KPN,0
312,ADF0497,2297,76.57,993.18,691.1889348,301.9910652,8,157266.4355,11,Vodafone,1
313,ADF1346,3809,126.97,5400.18,2497.292519,2902.887481,6,435275.586,93,KPN,0
314,ADF1694,4156,138.53,4800.9,2433.810819,2367.089181,20,266728.0674,415,Ben,1
315,ADF0507,2144,71.47,1159.332,612.5603684,546.7716316,18,3.3867,14,TELE2,1
316,ADF0137,987,32.9,23085,8977.758588,14107.24141,156,370332.6133,544,Ben,1
317,ADF1384,115,3.83,5764.116,3809.051337,1955.064663,0,1349121.636,689,Telfort,0
318,ADF1779,1575,52.5,7990.3632,1461.931341,6528.431859,5,4582887.011,58,KPN,1
319,ADF0502,122,4.07,1091.208,563.6213777,527.5866223,2,240273.6006,19,T-Mobile,1
320,ADF0337,144,4.8,6429.492,1092.593583,5336.898417,10,5393514.878,19,TELE2,0
321,ADF1606,3319,110.63,616.188,141.9506728,474.2373272,24,245.5137,5,TELE2,1
322,ADF1565,1836,61.2,246.48,171.2200652,75.25993484,12,72.835,12,Vodafone,1
323,ADF1277,610,20.33,4408.188,904.5246966,3503.663303,49,937.6318,581,KPN,0
324,ADF1739,4639,154.63,6197.16,896.212791,5300.947209,10,133045.291,159,Ben,1
325,ADF1162,921,30.7,2869.92,1625.965247,1243.954753,4,2695601.849,11,T-Mobile,0
326,ADF1514,3621,120.7,7411.74,5130.190901,2281.549099,45,857.1758,561,0,0
327,ADF1587,2261,75.37,435.696,213.2911398,222.4048602,14,58.3242,8,KPN,1
328,ADF0072,558,18.6,177.2784,47.73009874,129.5483013,7,19.1533,4,KPN,1
329,ADF1701,2848,94.93,5046.66,2414.874544,2631.785456,29,3094742.592,633,TELE2,1
330,ADF1414,1526,50.87,6094.8,4041.091766,2053.708234,63,6402748.932,175,0,0
331,ADF1342,3181,106.03,5350.14,1122.426283,4227.713717,2,946378.5332,293,Ben,0
332,ADF1998,1272,42.4,11595.6,5060.476557,6535.123443,76,186187.7725,220,T-Mobile,1
333,ADF1090,3962,132.07,1701.408,1340.283352,361.1246476,0,7992730.518,9,KPN,0
334,ADF1365,4238,141.27,5521.14,4486.383113,1034.756887,18,647703.8994,1206,Ben,0
335,ADF1769,1791,59.7,7610.7024,2723.447202,4887.255198,4,898.5488,939,KPN,1
336,ADF0611,3139,104.63,513.3024,154.3690951,358.9333049,14,29133.0557,15,TELE2,1
337,ADF0071,93,3.1,80.82,17.14490425,63.67509575,0,2788.1631,3,Vodafone,1
338,ADF1179,100,3.33,3086.8104,2358.616364,728.1940364,0,91824.9209,141,Telfort,0
339,ADF1785,618,20.6,8173.8,2327.028132,5846.771868,17,537425.1895,395,TELE2,1
340,ADF0044,698,23.27,1183.956,191.1422487,992.8137513,0,85248.3574,8,Vodafone,0
341,ADF1176,3196,106.53,3044.9784,2166.893983,878.0844167,14,353274.6308,23,TELE2,0
342,ADF1499,756,25.2,7220.52,4679.108517,2541.411483,20,1218569.857,112,NA,0
343,ADF1122,2169,72.3,2372.22,1522.827674,849.3923265,30,22353.418,37,0,0
344,ADF1279,802,26.73,4430.712,1379.857101,3050.854899,22,13574188.58,190,Vodafone,0
345,ADF1190,2986,99.53,3171.9168,2152.982281,1018.934519,2,1473082.523,182,Vodafone,0
346,ADF0476,107,3.57,797.472,399.3369655,398.1350345,0,1363375.378,16,Telfort,1
347,ADF1918,2157,71.9,9477.42,3525.927756,5951.492244,110,11968.4521,259,Vodafone,1
348,ADF1644,1456,48.53,1049.688,154.6995613,894.9884387,33,0.9395,51,T-Mobile,1
349,ADF0039,123,4.1,460.284,353.784174,106.499826,0,1.4951,14,KPN,0
350,ADF1978,107,3.57,771.06,279.4207286,491.6392714,6,47800.1602,17,Vodafone,1
351,ADF0347,371,12.37,80.412,45.31665578,35.09534422,0,29283.8877,22,TELE2,1
352,ADF1433,1500,50,6318.3528,1770.104025,4548.248775,59,17.998,122,Vodafone,0
353,ADF1423,1770,59,6195.9,1060.344544,5135.555456,0,5080.3379,482,T-Mobile,0
354,ADF0640,1542,51.4,14508.72,2824.383589,11684.33641,56,0.1484,954,KPN,1
355,ADF0401,1967,65.57,324.6,218.4554931,106.1445069,9,18.3936,70,TELE2,1
356,ADF1256,122,4.07,4065.36,2700.96971,1364.39029,25,303483.6201,242,Telfort,0
357,ADF1509,185,6.17,7364.94,2131.493885,5233.446115,12,837078.6035,339,Telfort,0
358,ADF0302,872,29.07,2331.1752,1446.795415,884.3797852,9,272055.3193,9,KPN,0
359,ADF1816,4136,137.87,10904.64,5587.195101,5317.444899,49,537414.0283,352,TELE2,1
360,ADF1245,2774,92.47,3915.78,941.5012285,2974.278771,4,2166006.274,526,Telfort,0
361,ADF1691,476,15.87,4681.62,2180.656609,2500.963391,132,247180.4541,197,KPN,1
362,ADF1181,1654,55.13,3098.124,788.0627628,2310.061237,41,4175.2608,92,Vodafone,0
363,ADF1793,1488,49.6,8426.0664,904.7398952,7521.326505,45,1209653.019,178,KPN,1
364,ADF0616,243,8.1,703.632,144.0944194,559.5375806,0,12.7539,36,Ben,1
365,ADF1561,2846,94.87,201.804,61.54276847,140.2612315,14,4181.1016,5,Ben,1
366,ADF1640,525,17.5,1020.24,736.5000893,283.7399107,31,77788.874,82,Vodafone,1
367,ADF1676,1832,61.07,4183.1304,2606.565145,1576.565255,26,540150.3252,276,Telfort,1
368,ADF1889,5181,172.7,6205.74,2239.923261,3965.816739,2,1354.7891,15,0,0
369,ADF1632,2162,72.07,889.032,472.1772501,416.8547499,8,668938.834,15,KPN,1
370,ADF1311,127,4.23,5045.712,3382.888837,1662.823163,60,465585.9326,190,Vodafone,0
371,ADF1263,1209,40.3,4195.26,3278.498394,916.7616065,0,2868393.475,60,0,0
372,ADF1164,192,6.4,2878.32,323.4586367,2554.861363,0,12.8662,102,T-Mobile,0
373,ADF1301,2588,86.27,4966.5,1557.993371,3408.506629,18,488987.1231,21,T-Mobile,0
374,ADF0435,1886,62.87,416.64,217.726719,198.913281,12,33794.6855,4,TELE2,1
375,ADF1073,1199,39.97,1178.6376,325.035397,853.602203,4,85971.0928,231,Vodafone,0
376,ADF0441,399,13.3,457.668,200.5498064,257.1181936,33,36991.4678,14,Telfort,1
377,ADF0122,3496,116.53,6965.58,1115.491418,5850.088582,121,71.9365,200,Ben,1
378,ADF1527,259,8.63,7621.512,3692.682448,3928.829552,4,1653474.82,163,TELE2,0
379,ADF1324,5334,177.8,5252.4,659.005735,4593.394265,0,52633.2686,1460,Telfort,0
380,ADF0255,1680,56,104.352,19.9789903,84.3730097,0,568.8701,1,TELE2,0
381,ADF0110,643,21.43,4325.664,1044.969873,3280.694127,137,2423.5811,141,Ben,1
382,ADF0420,718,23.93,362.4624,186.0150817,176.4473183,21,34.6455,14,TELE2,1
383,ADF1155,155,5.17,2820.54,861.8468512,1958.693149,7,1346.6514,11,KPN,0
384,ADF0080,192,6.4,513.1224,97.33077676,415.7916232,10,68.7998,12,Ben,1
385,ADF1801,155,5.17,9135.684,1931.592538,7204.091462,348,5.0078,290,TELE2,1
386,ADF1216,118,3.93,3483.48,1130.681551,2352.798449,38,328089.8887,105,TELE2,0
387,ADF0050,1014,33.8,1905.708,687.5628017,1218.145198,12,1759.0693,333,TELE2,0
388,ADF1439,1492,49.73,6371.088,2707.373633,3663.714367,15,77210.292,430,TELE2,0
389,ADF0431,2618,87.27,397.7448,133.1102947,264.6345053,24,373.5928,10,TELE2,1
390,ADF1705,1842,61.4,5204.592,1747.772328,3456.819672,43,66744.501,127,Vodafone,1
391,ADF1534,1056,35.2,22480.908,8687.98258,13792.92542,0,14007530.84,1320,TELE2,0
392,ADF0323,2278,75.93,3252.912,2390.001699,862.9103009,6,1.7324,93,TELE2,0
393,ADF1711,3841,128.03,5396.34,2594.582047,2801.757953,0,1139263.481,138,KPN,1
394,ADF0395,485,16.17,288.3984,219.7201917,68.67820827,21,1061014.036,4,TELE2,1
395,ADF1530,958,31.93,21647.052,6833.626223,14813.42578,7,779097.3349,1575,0,0
396,ADF0135,3345,111.5,18784.188,3624.483674,15159.70433,55,5136.5693,587,Vodafone,1
397,ADF1261,716,23.87,4167.6,579.2158013,3588.384199,5,448485.788,57,Ben,0
398,ADF1678,231,7.7,4233.8304,1956.696293,2277.134107,18,832.5762,367,KPN,1
399,ADF0454,1502,50.07,561.996,147.1945559,414.8014441,1,3851397.811,8,KPN,1
400,ADF0590,3298,109.93,3817.92,1577.924868,2239.995132,0,29623.6973,35,KPN,0
401,ADF1257,2083,69.43,4079.82,642.4801914,3437.339809,14,460147.3272,292,Telfort,0
402,ADF0631,-5,-0.17,5142.6048,2486.981865,2655.622935,63,1565901.139,204,Ben,1
403,ADF1489,859,28.63,7055.7696,827.2990297,6228.47057,4,30024.7451,398,T-Mobile,0
404,ADF0434,121,4.03,415.248,85.39508467,329.8529153,12,939.7178,18,TELE2,1
405,ADF0517,1573,52.43,1256.3496,575.0980119,681.2515881,48,88303.875,36,TELE2,1
406,ADF0449,958,31.93,498.9,130.0245845,368.8754155,0,383647.7041,3,Ben,1
407,ADF0120,342,11.4,6652.032,2351.79261,4300.23939,65,4292568.15,100,Vodafone,1
408,ADF1924,153,5.1,15001.5984,9595.040558,5406.557842,87,167937.0596,279,T-Mobile,1
409,ADF1205,139,4.63,3327.0696,1501.017973,1826.051627,23,17472136.53,31,T-Mobile,0
410,ADF0334,577,19.23,4994.88,2525.521182,2469.358818,97,4214737.323,3,TELE2,0
411,ADF1521,1487,49.57,7529.1624,5495.255289,2033.907111,90,4491.7324,921,TELE2,0
412,ADF1826,142,4.73,13034.88,4552.84429,8482.03571,59,20080.9482,562,TELE2,1
413,ADF1746,1156,38.53,6533.46,2217.657699,4315.802301,19,1228343.697,123,TELE2,1
414,ADF1281,125,4.17,4444.98,1383.528389,3061.451611,108,217706.7119,103,TELE2,0
415,ADF1809,2653,88.43,10453.7304,6318.257031,4135.473369,11,4675271.904,220,TELE2,1
416,ADF0084,1461,48.7,700.248,412.6390987,287.6089013,43,21.0059,16,TELE2,1
417,ADF0304,1476,49.2,2412.7224,1816.22184,596.5005605,0,1835788.702,4,TELE2,0
418,ADF1377,223,7.43,5676.096,2576.894255,3099.201745,7,37142039.56,79,T-Mobile,0
419,ADF0083,243,8.1,556.212,324.1839333,232.0280667,10,745.7207,2,Vodafone,1
420,ADF1152,1487,49.57,2797.2048,1349.141066,1448.063734,0,13.9531,468,TELE2,0
421,ADF1111,183,6.1,2136.696,1791.16042,345.5355801,7,59.1719,84,T-Mobile,0
422,ADF0382,2237,74.57,253.26,22.71090704,230.549093,5,9426.9219,3,TELE2,1
423,ADF1794,296,9.87,8475.9,2591.98458,5883.91542,13,4946400.364,193,T-Mobile,1
424,ADF0469,3384,112.8,712.668,514.1364714,198.5315286,17,174737.1826,1,TELE2,1
425,ADF1533,137,4.57,22088.64,16261.43165,5827.208346,11,593297.6113,1809,Ben,0
426,ADF1962,1181,39.37,3415.02,2055.6127,1359.4073,29,27774261.58,106,TELE2,0
427,ADF0373,96,3.2,233.22,133.5828154,99.63718464,0,8785765.613,10,TELE2,1
428,ADF0309,1070,35.67,2564.2656,1976.722523,587.5430769,2,16845.0557,176,TELE2,0
429,ADF1436,925,30.83,6342.6,4048.540757,2294.059243,26,996269.374,253,Ben,0
430,ADF0545,1310,43.67,5893.236,2018.127562,3875.108438,60,1163532.41,52,Vodafone,1
431,ADF1549,2743,91.43,60992.652,41082.29883,19910.35317,573,7020364.355,2184,Ben,0
432,ADF1832,5178,172.6,13995.78,5222.715165,8773.064835,215,373594.4492,198,Telfort,1
433,ADF0326,134,4.47,3523.1328,2230.468623,1292.664177,4,12526704.7,43,Vodafone,0
434,ADF0301,250,8.33,2314.7304,749.9102263,1564.820174,0,543844.5078,8,0,0
435,ADF0609,396,13.2,512.4024,294.9771565,217.4252435,12,1819.7568,21,TELE2,1
436,ADF1968,2473,82.43,7530.06,2522.827686,5007.232314,108,9007544.921,165,TELE2,0
437,ADF1535,2866,95.53,22669.8,16938.12045,5731.679553,0,75585.1163,1605,Ben,0
438,ADF0624,249,8.3,3848.4,1372.313391,2476.086609,9,53.6611,155,0,1
439,ADF0320,102,3.4,3161.16,1363.376931,1797.783069,26,1021022.577,38,T-Mobile,0
440,ADF1317,399,13.3,5140.104,1539.360689,3600.743311,4,1511060.273,166,T-Mobile,0
441,ADF0634,3155,105.17,7477.32,485.7815512,6991.538449,26,6470329.758,114,Vodafone,1
442,ADF0388,213,7.1,260.04,32.39722584,227.6427742,0,5844.3848,1,TELE2,1
443,ADF1986,2442,81.4,1286.58,853.3122209,433.2677791,20,44567.5371,15,T-Mobile,1
444,ADF1188,932,31.07,3168.492,2465.966276,702.5257239,4,1755265.273,120,Vodafone,0
445,ADF1831,253,8.43,13724.52,8575.98135,5148.53865,39,4668602.188,214,T-Mobile,1
446,ADF1984,1128,37.6,1046.82,371.9635841,674.8564159,2,126522.1094,8,Ben,1
447,ADF0399,188,6.27,310.236,30.71729582,279.5187042,27,48.5781,2,Vodafone,1
448,ADF1630,2591,86.37,872.94,118.2090937,754.7309063,0,77.4834,209,KPN,1
449,ADF1222,1445,48.17,3607.296,2296.929303,1310.366697,2,330439.5459,27,TELE2,0
450,ADF0596,151,5.03,6009.18,1412.898898,4596.281102,12,12126050.96,62,T-Mobile,0
451,ADF1371,4252,141.73,5578.92,4141.484094,1437.435906,0,152106.7744,779,T-Mobile,0
452,ADF1993,1843,61.43,5598.84,2793.782357,2805.057643,0,2024585.18,249,Telfort,1
453,ADF1545,3891,129.7,35958,18085.91777,17872.08223,88,1954697.793,218,0,0
454,ADF1529,2798,93.27,21504.9,5326.740362,16178.15964,56,2173399.189,432,TELE2,0
455,ADF1220,133,4.43,3579.78,2578.136225,1001.643775,0,1150.4736,166,KPN,0
456,ADF1987,1529,50.97,1314.3552,381.6108276,932.7443724,34,107.4082,41,T-Mobile,1
457,ADF1599,1042,34.73,521.34,327.948276,193.391724,23,3.9551,11,KPN,1
458,ADF1647,1280,42.67,1126.5048,419.9971064,706.5076936,0,1754292.925,127,Telfort,1
459,ADF1471,1678,55.93,6842.22,5140.208177,1702.011823,18,1024.8378,776,Ben,0
460,ADF1695,2465,82.17,4831.2144,2462.337954,2368.876446,61,49.9209,112,KPN,1
461,ADF0060,2175,72.5,3324.78,936.119903,2388.660097,7,673204.0342,33,Telfort,0
462,ADF0111,818,27.27,4499.244,2400.072273,2099.171727,60,922078.9111,36,T-Mobile,1
463,ADF0055,966,32.2,2599.968,1967.988991,631.9790091,0,8858228.871,35,KPN,0
464,ADF1752,103,3.43,6735.9864,3629.32015,3106.66625,0,4893.3984,187,TELE2,1
465,ADF1191,2467,82.23,3172.5,2310.904661,861.5953392,9,281277.2725,99,KPN,0
466,ADF1306,108,3.6,5019.9696,1901.800578,3118.169022,4,65203.1094,36,Vodafone,0
467,ADF1609,1967,65.57,645.852,408.1705127,237.6814873,26,51557.2988,25,TELE2,1
468,ADF1833,2051,68.37,15149.544,5211.964869,9937.579131,30,587053.1972,337,Ben,1
469,ADF1337,3085,102.83,5309.82,602.3643728,4707.455627,0,2103930.688,439,TELE2,0
470,ADF0586,1837,61.23,2271.48,893.1255075,1378.354493,16,42310.1328,34,Ben,0
471,ADF1823,4149,138.3,12291,3441.854612,8849.145388,163,224761.9971,196,Ben,1
472,ADF1289,2667,88.9,4802.5728,2841.255158,1961.317642,7,1024072.837,16,KPN,0
473,ADF1251,1234,41.13,4037.7,1189.934346,2847.765654,35,545083.1172,26,KPN,0
474,ADF0116,114,3.8,4933.548,3289.447055,1644.100945,6,3071059.907,52,Ben,1
475,ADF1493,1193,39.77,7111.5,4146.040184,2965.459816,44,225029.1621,64,Vodafone,0
476,ADF1349,108,3.6,5425.932,4146.21996,1279.71204,156,799300.8506,84,KPN,0
477,ADF1653,106,3.53,1160.04,210.0722731,949.9677269,4,758816.5312,50,T-Mobile,1
478,ADF1409,787,26.23,5988.24,1899.036743,4089.203257,16,1732440.812,195,T-Mobile,0
479,ADF1551,91,3.03,95.52,71.35504718,24.16495282,0,30.2803,2,KPN,1
480,ADF1906,1276,42.53,4099.5024,1415.573227,2683.929173,12,561798.5225,6,Telfort,1
481,ADF0405,1146,38.2,334.0128,164.0743957,169.9384043,10,3013.9932,6,KPN,1
482,ADF1757,2161,72.03,6947.172,2142.682718,4804.489282,22,42968676.41,95,Ben,1
483,ADF1812,126,4.2,10563,3910.628069,6652.371931,92,1181190.631,329,Vodafone,1
484,ADF1068,719,23.97,1081.776,45.706877,1036.069123,3,10442434.63,18,T-Mobile,0
485,ADF1320,1355,45.17,5252.4,3787.529379,1464.870621,0,144766.4629,888,Telfort,0
486,ADF1321,2272,75.73,5252.4,2058.635677,3193.764323,0,1564279.613,712,Vodafone,0
487,ADF0455,222,7.4,567.024,287.6657302,279.3582698,62,187.5537,3,KPN,1
488,ADF0350,1586,52.87,94.092,70.2784997,23.8135003,0,1031.042,3,TELE2,1
489,ADF1492,1354,45.13,7110.3288,2131.936043,4978.392757,2,1902.3672,675,KPN,0
490,ADF1435,425,14.17,6339.804,3186.086217,3153.717783,8,299235.7441,868,TELE2,0
491,ADF1990,133,4.43,4462.92,1542.104433,2920.815567,36,1881350.401,206,Ben,1
492,ADF0425,485,16.17,369.636,79.0197093,290.6162907,24,17.4717,5,TELE2,1
493,ADF1591,248,8.27,463.824,292.130423,171.693577,34,1062.7255,8,KPN,1
494,ADF0489,2903,96.77,890.664,454.2183267,436.4456733,37,426885.2852,8,TELE2,1
495,ADF1523,708,23.6,7598.6424,975.6380417,6623.004358,6,1871998.521,170,NA,0
496,ADF1890,153,5.1,6416.58,4083.378879,2333.201121,16,1196432.417,234,KPN,0
497,ADF1302,731,24.37,4972.4424,560.4298638,4412.012536,4,35674.9864,660,TELE2,0
498,ADF1064,120,4,1062.3624,671.5469492,390.8154508,0,8633289.656,15,Vodafone,0
499,ADF1727,254,8.47,5872.56,2430.336648,3442.223352,12,1002857.23,52,Vodafone,1
500,ADF1104,609,20.3,2019.8448,432.4177635,1587.427036,41,674.7998,278,T-Mobile,0
501,ADF1589,1654,55.13,458.46,168.2750984,290.1849016,11,382170.5908,47,Telfort,1
502,ADF1922,187,6.23,11264.88,5538.341017,5726.538983,165,1822350.092,168,T-Mobile,1
503,ADF0546,162,5.4,6083.88,3120.488159,2963.391841,172,1081173.539,63,Vodafone,1
504,ADF1056,149,4.97,914.6712,692.6532164,222.0179836,8,1.9199,44,Ben,0
505,ADF0506,2282,76.07,1156.296,151.6139878,1004.682012,20,22163.0821,16,KPN,1
506,ADF1450,2872,95.73,6501.2808,4089.112406,2412.168394,1,92037.4433,772,Telfort,0
507,ADF1712,755,25.17,5438.88,3326.73816,2112.14184,0,583200.79,478,T-Mobile,1
508,ADF1682,168,5.6,4431.384,1052.613371,3378.770629,26,49.0908,582,Vodafone,1
509,ADF0396,911,30.37,290.184,57.35466142,232.8293386,31,20.9238,1,TELE2,1
510,ADF0058,1698,56.6,2823.5424,1926.820505,896.7218951,38,49852.2002,66,T-Mobile,0
511,ADF0613,1859,61.97,563.7144,164.501819,399.212581,32,0.2246,8,Ben,1
512,ADF1854,894,29.8,59815.26,18094.33831,41720.92169,127,32403873.11,107,Telfort,1
513,ADF1507,4038,134.6,7337.58,4940.00546,2397.57454,14,274207.4853,732,TELE2,0
514,ADF0509,2528,84.27,1183.86,809.6026611,374.2573389,39,16.3115,27,KPN,1
515,ADF1508,3155,105.17,7339.4424,2703.010842,4636.431558,0,1091551.36,397,KPN,0
516,ADF1895,101,3.37,269.82,78.92011058,190.8998894,1,313266.3779,11,Ben,1
517,ADF0464,1410,47,655.68,224.0282737,431.6517263,21,3723135.191,8,Ben,1
518,ADF1592,95,3.17,471.36,338.865556,132.494444,5,5200.3105,4,KPN,1
519,ADF0516,3265,108.83,1251.3648,627.9123828,623.4524172,23,27.9297,16,Vodafone,1
520,ADF1657,1735,57.83,1187.4528,447.6054907,739.8473093,16,707.959,26,Telfort,1
521,ADF0500,1420,47.33,1047.5328,329.3185707,718.2142293,15,625312.2119,2,TELE2,1
522,ADF1460,2542,84.73,6668.076,2841.988332,3826.087668,53,1024007.231,466,TELE2,0
523,ADF1395,4205,140.17,5838.72,1656.990196,4181.729804,0,215656.4394,370,Telfort,0
524,ADF1054,256,8.53,855.42,257.7566996,597.6633004,0,160.3643,45,TELE2,0
525,ADF1977,128,4.27,658.68,187.1690663,471.5109337,4,5458767.271,9,T-Mobile,1
526,ADF1098,3183,106.1,1845.192,1461.796375,383.3956251,0,50.0381,43,Ben,0
527,ADF1759,2533,84.43,7183.0704,4384.302055,2798.768345,14,1158535.702,530,KPN,1
528,ADF1882,579,19.3,3108.54,297.7909795,2810.749021,83,3554442.543,17,KPN,0
529,ADF1667,3673,122.43,3746.112,1548.498475,2197.613525,21,1675076.255,436,Ben,1
530,ADF1483,126,4.2,6993.3648,4723.009745,2270.355055,874,26.582,39,KPN,0
531,ADF0451,160,5.33,535.32,149.0917025,386.2282975,24,1436.1211,29,Telfort,1
532,ADF1339,3046,101.53,5327.46,2664.528343,2662.931657,14,76915.0547,398,T-Mobile,0
533,ADF1743,2630,87.67,6497.688,3358.562509,3139.125491,13,256886.8711,576,Vodafone,1
534,ADF1082,120,4,1401.24,396.8825623,1004.357438,4,90.1064,79,T-Mobile,0
535,ADF1666,1510,50.33,3694.38,662.8738565,3031.506144,6,2076039.626,112,TELE2,1
536,ADF0310,135,4.5,2607.348,1429.590913,1177.757087,4,3119066.825,15,TELE2,0
537,ADF1358,3706,123.53,5501.22,4144.995203,1356.224797,0,1014261.738,319,Telfort,0
538,ADF1028,2557,85.23,85.26,61.25735418,24.00264582,0,41668.7041,3,KPN,0
539,ADF1542,150,5,26687.16,7918.937845,18768.22215,161,8276490.735,410,KPN,0
540,ADF1683,2366,78.87,4480.8456,721.3216995,3759.523901,43,2156818.999,352,Vodafone,1
541,ADF1227,117,3.9,3657.54,1341.755025,2315.784975,11,193627.9316,100,TELE2,0
542,ADF0062,155,5.17,3659.184,1134.171387,2525.012613,4,44579175.13,64,T-Mobile,0
543,ADF1709,1268,42.27,5389.86,3735.954236,1653.905764,138,131.457,84,TELE2,1
544,ADF1402,168,5.6,5928.648,3191.136796,2737.511204,24,2067125.635,690,Ben,0
545,ADF1077,138,4.6,1342.7976,935.8814621,406.9161379,74,21134.9131,51,Telfort,0
546,ADF1052,1423,47.43,817.8,462.16811,355.63189,0,287861.3066,8,T-Mobile,0
547,ADF1198,4151,138.37,3250.092,2059.971523,1190.120477,0,15912.5723,162,TELE2,0
548,ADF0450,3445,114.83,510.528,162.8995028,347.6284972,29,1541.9365,4,KPN,1
549,ADF0109,372,12.4,4177.524,643.4926738,3534.031326,23,902022.8174,74,Vodafone,1
550,ADF1255,523,17.43,4058.52,732.9398217,3325.580178,105,3372399.607,126,Ben,0
551,ADF0043,425,14.17,1130.6904,534.9332967,595.7571033,0,15905941.53,4,TELE2,0
552,ADF1223,3521,117.37,3616.98,1349.814055,2267.165945,22,121075.4375,180,Ben,0
553,ADF1463,2163,72.1,6720.9024,1474.056515,5246.845885,41,83108.7657,279,KPN,0
554,ADF0126,2053,68.43,7854.4824,3245.694273,4608.788127,13,1392.9424,328,KPN,1
555,ADF1225,2081,69.37,3631.98,968.0345621,2663.945438,1,808.9345,130,T-Mobile,0
556,ADF0432,2761,92.03,405.1704,240.4988898,164.6715102,22,189.7324,2,TELE2,1
557,ADF1778,435,14.5,7969.68,4653.411843,3316.268157,25,2763981.172,545,KPN,1
558,ADF0448,1135,37.83,491.16,274.7317264,216.4282736,26,88186.9102,3,TELE2,1
559,ADF1144,961,32.03,2673.9552,1728.748069,945.2071307,20,77131.1015,36,0,0
560,ADF1387,1345,44.83,5778.48,3436.70636,2341.77364,0,14.7383,788,Telfort,0
561,ADF1556,3012,100.4,162.9456,66.77988068,96.16571932,2,10.6357,23,KPN,1
562,ADF0046,261,8.7,1317.9,984.4310177,333.4689823,6,343736.752,26,KPN,0
563,ADF1485,443,14.77,6998.4,2234.067703,4764.332297,0,32954801.18,209,0,0
564,ADF1903,206,6.87,1049.8728,101.5860912,948.2867088,25,3064741.425,35,TELE2,1
565,ADF1269,3667,122.23,4296.6,2326.80941,1969.79059,24,0.2969,89,0,0
566,ADF1461,3048,101.6,6681.66,2349.955382,4331.704618,1,46252.5127,678,TELE2,0
567,ADF1468,418,13.93,6792.8184,3180.499459,3612.318941,66,2477681.597,686,KPN,0
568,ADF1956,136,4.53,1622.0064,981.4642788,640.5421212,7,7410.7529,62,TELE2,0
569,ADF1976,1235,41.17,608.64,224.5361069,384.1038931,23,44502.5,10,T-Mobile,1
570,ADF0089,130,4.33,846.06,483.966024,362.093976,6,5001.0449,28,Telfort,1
571,ADF1102,122,4.07,1948.332,1399.630967,548.7010335,84,70.001,39,TELE2,0
572,ADF1139,2148,71.6,2626.2,2020.5399,605.6600998,0,30611.7959,523,T-Mobile,0
573,ADF1622,111,3.7,776.4,223.9738297,552.4261703,0,27605.7383,36,KPN,1
574,ADF1964,177,5.9,5740.3584,3939.693808,1800.664592,10,2258.7432,229,Ben,0
575,ADF1836,3685,122.83,16341.24,5694.138047,10647.10195,17,1757851.008,1232,KPN,1
576,ADF0090,558,18.6,865.3488,548.1745026,317.1742974,22,365187.3711,51,TELE2,1
577,ADF0100,195,6.5,1223.46,267.3266855,956.1333145,0,496.4434,50,KPN,1
578,ADF1057,1022,34.07,919.9848,213.0593453,706.9254547,25,1502.9111,58,T-Mobile,0
579,ADF0520,1317,43.9,1287.1512,287.7436986,999.4075014,29,24756.7109,21,TELE2,1
580,ADF1558,659,21.97,183.204,100.7387694,82.46523062,9,2.0215,33,KPN,1
581,ADF1574,3667,122.23,328.9224,93.01178282,235.9106172,20,15595.75,53,Vodafone,1
582,ADF0306,714,23.8,2503.3128,786.8633646,1716.449435,19,91833.8486,31,TELE2,0
583,ADF1916,168,5.6,8196.12,4195.79987,4000.32013,91,890476.2061,570,Ben,1
584,ADF1635,135,4.5,922.428,271.5862603,650.8417397,2,4251.4922,16,Vodafone,1
585,ADF0515,1273,42.43,1248.1656,516.4000874,731.7655126,7,22021658.22,3,TELE2,1
586,ADF1071,3505,116.83,1147.992,392.5922368,755.3997632,0,406817.2071,6,KPN,0
587,ADF0504,1916,63.87,1122.6624,611.6175723,511.0448277,13,2491.7158,8,TELE2,1
588,ADF1597,1296,43.2,517.764,286.7264229,231.0375771,16,8911525.136,21,T-Mobile,1
589,ADF0610,109,3.63,512.58,251.790516,260.789484,6,1369140.144,12,0,1
590,ADF1210,1661,55.37,3398.988,2539.023978,859.9640219,6,780.5566,234,T-Mobile,0
591,ADF1484,997,33.23,6993.5568,2586.397239,4407.159561,2,6096582.927,395,T-Mobile,0
592,ADF0393,1329,44.3,279.024,111.5549095,167.4690905,14,3704.3213,5,TELE2,1
593,ADF1959,2252,75.07,3213.78,1142.37336,2071.40664,2,1919857.372,131,Ben,0
594,ADF1583,2338,77.93,397.6704,125.4104651,272.2599349,24,487.3584,3,KPN,1
595,ADF0040,1342,44.73,461.52,322.4834463,139.0365537,12,7.5146,5,T-Mobile,0
596,ADF0094,122,4.07,966.6,608.5423541,358.0576459,0,32.459,152,Telfort,1
597,ADF1891,2630,87.67,7458.66,5360.282246,2098.377754,36,1078971.132,144,KPN,0
598,ADF0284,504,16.8,1660.44,562.6795754,1097.760425,42,339997.5273,17,Telfort,0
599,ADF1182,4154,138.47,3103.38,541.1821975,2562.197803,63,85047.6143,181,KPN,0
600,ADF1170,3664,122.13,2943.54,602.4970476,2341.042952,0,98756.8555,55,Vodafone,0
601,ADF1979,107,3.57,834.816,263.9660327,570.8499673,0,1509481.9,8,T-Mobile,1
602,ADF1328,1294,43.13,5259,3758.492216,1500.507784,34,507507.0127,89,Vodafone,0
603,ADF1117,1453,48.43,2243.16,1334.187537,908.9724627,37,63943.9473,35,Ben,0
604,ADF0119,133,4.43,6650.9736,4488.169087,2162.804513,119,928206.748,189,KPN,1
605,ADF1341,1607,53.57,5342.04,1343.218898,3998.821102,5,2952394.18,417,KPN,0
606,ADF1805,626,20.87,9447.12,6197.907983,3249.212017,12,2012374.152,134,T-Mobile,1
607,ADF1550,110,3.67,83.1,55.16900652,27.93099348,0,693.2861,3,KPN,1
608,ADF1548,782,26.07,42377.244,33189.74275,9187.501247,4,6636522.203,2016,KPN,0
609,ADF1681,508,16.93,4347,1801.632101,2545.367899,20,158624.3037,43,Vodafone,1
610,ADF1815,765,25.5,10825.956,1998.192419,8827.763581,36,17363.8516,820,TELE2,1
611,ADF0318,233,7.77,2928.5304,1981.829431,946.7009695,0,99456402.05,17,TELE2,0
612,ADF0400,1387,46.23,320.136,96.82538519,223.3106148,7,823.9795,4,Vodafone,1
613,ADF0493,1606,-3,927.7632,321.1003766,606.6628234,50,2305.1553,10,Vodafone,1
614,ADF1896,372,12.4,412.488,224.9635183,187.5244817,19,51.8125,13,Telfort,1
615,ADF0467,1223,40.77,691.632,394.2361067,297.3958933,7,164326.9375,2,TELE2,1
616,ADF0594,3270,109,4917.204,3123.19865,1794.00535,35,1036647.692,120,TELE2,0
617,ADF1151,2169,72.3,2777.4888,2177.672632,599.8161681,36,2.0498,175,Ben,0
618,ADF1173,2098,69.93,2977.1064,917.6438,2059.4626,39,8738505.772,44,KPN,0
619,ADF1389,368,12.27,5784.72,4614.141135,1170.578865,20,2165091.16,64,T-Mobile,0
620,ADF1428,3704,123.47,6272.2704,3793.461811,2478.808589,2,192469.0263,223,Ben,0
621,ADF1187,1021,34.03,3160.9824,2519.205642,641.7767583,0,231107.3379,186,TELE2,0
622,ADF0259,2372,79.07,576.78,442.873813,133.906187,15,29.459,15,Vodafone,0
623,ADF1524,138,4.6,7600.5,2502.084198,5098.415802,2,9974712.357,193,0,0
624,ADF1674,3672,122.4,4093.68,2534.072091,1559.607909,15,224677.5722,263,Telfort,1
625,ADF0557,117,3.9,8206.092,4807.779993,3398.312007,270,692988.9336,198,KPN,1
626,ADF0530,2947,98.23,3969.3,2336.007163,1633.292837,67,1305606.714,90,Ben,1
627,ADF0514,197,6.57,1236.8496,306.8357033,930.0138967,6,300.4922,19,KPN,1
628,ADF0115,2826,94.2,4755.7128,2686.943667,2068.769133,13,723.5527,131,Telfort,1
629,ADF0465,100,3.33,675.36,234.858056,440.501944,25,336878.9902,3,TELE2,1
630,ADF1299,130,4.33,4939.74,3715.501885,1224.238115,5,46.3486,84,T-Mobile,0
631,ADF1131,1627,54.23,2513.592,1363.715056,1149.876944,8,80186.9229,97,TELE2,0
632,ADF1928,4854,161.8,22881.06,5980.094061,16900.96594,62,3441170.841,544,Ben,1
633,ADF1309,1693,56.43,5040.24,1225.961,3814.279,12,66257.3985,76,KPN,0
634,ADF0297,412,13.73,2003.94,743.5963185,1260.343681,1,4365315.423,5,TELE2,0
635,ADF0371,115,3.83,212.88,75.0555085,137.8244915,0,1079.5459,1,TELE2,1
636,ADF0052,4869,162.3,2400.0024,1321.261984,1078.740416,40,560.1455,38,Telfort,0
637,ADF1692,2100,70,4692.9,1461.865865,3231.034135,20,116751.5869,342,TELE2,1
638,ADF0308,2067,68.9,2541.66,1669.311493,872.3485072,136,3854.166,15,TELE2,0
639,ADF0385,929,30.97,257.34,67.79703394,189.5429661,24,21.0293,8,Ben,1
640,ADF1066,2604,86.8,1068.3264,759.997267,308.329133,0,7301016.503,22,KPN,0
641,ADF1843,4755,158.5,20038.272,2403.141022,17635.13098,12,1539880.571,782,T-Mobile,1
642,ADF1079,139,4.63,1367.172,645.6700364,721.5019636,3,1461620.516,17,Vodafone,0
643,ADF1689,187,6.23,4623.9864,3057.953445,1566.032955,2,44769.9404,333,Ben,1
644,ADF1237,802,26.73,3817.584,1667.001658,2150.582342,3,396481.9531,83,Vodafone,0
645,ADF1845,3683,122.77,23986.308,14775.54345,9210.764545,2,1848207.602,1115,Ben,1
646,ADF1425,3817,127.23,6252.24,3802.000564,2450.239436,10,326820.4102,393,TELE2,0
647,ADF1441,1374,45.8,6401.052,3698.977149,2702.074851,0,11526301.73,31,Vodafone,0
648,ADF0403,510,17,331.5,81.06418938,250.4358106,27,474528.2129,33,TELE2,1
649,ADF1616,2032,67.73,735.9,125.6025643,610.2974357,8,183047.1699,164,KPN,1
650,ADF1248,503,16.77,3985.836,634.7738884,3351.062112,0,1218030.941,691,TELE2,0
651,ADF1161,3795,126.5,2867.688,1644.996319,1222.691681,8,204696.3447,96,Telfort,0
652,ADF0635,240,8,7541.448,1634.301188,5907.146812,29,15313555.78,346,Vodafone,1
653,ADF0479,976,32.53,813.5688,77.07717242,736.4916276,22,28.6211,12,TELE2,1
654,ADF1393,1520,50.67,5834.28,4234.402043,1599.877957,10,1648876.463,267,Telfort,0
655,ADF0374,1244,41.47,234.588,145.6824951,88.90550493,11,458.4746,1,TELE2,1
656,ADF1970,2271,75.7,27853.98,19067.5262,8786.4538,5,0.7559,1470,T-Mobile,0
657,ADF1719,404,13.47,5692.356,3470.247896,2222.108104,17,1686.7334,168,Telfort,1
658,ADF1673,833,27.77,4022.5896,2337.976574,1684.613026,42,14946.8125,74,Vodafone,1
659,ADF1096,223,7.43,1805.628,531.6294193,1273.998581,0,59700.0996,14,KPN,0
660,ADF1081,2323,77.43,1390.92,395.0099851,995.9100149,68,19.0537,16,KPN,0
661,ADF1399,666,22.2,5883.1992,3808.297087,2074.902113,48,1674835.019,99,KPN,0
662,ADF1156,104,3.47,2823.96,1398.999169,1424.960831,0,118357.4561,109,Telfort,0
663,ADF1154,108,3.6,2805.42,1984.674915,820.7450851,0,148574.2373,60,KPN,0
664,ADF1614,360,12,694.2312,267.68798,426.54322,0,1639.8564,481,KPN,1
665,ADF1109,3019,100.63,2126.2344,249.9844541,1876.249946,9,157332.0869,141,Vodafone,0
666,ADF0324,1827,60.9,3480.54,2107.556863,1372.983137,0,9873736.892,3,TELE2,0
667,ADF1086,2248,74.93,1540.14,489.181134,1050.958866,16,4795.3906,69,KPN,0
668,ADF1595,1603,53.43,509.88,355.3203599,154.5596401,18,36.0762,146,TELE2,1
669,ADF0305,931,31.03,2438.28,1486.23719,952.0428096,2,4314.3526,20,T-Mobile,0
670,ADF1511,145,4.83,7378.2096,5835.647085,1542.562515,71,1904637.535,122,TELE2,0
671,ADF1828,2684,89.47,13252.2,3948.477916,9303.722084,24,3999986.088,12,KPN,1
672,ADF1046,1354,45.13,653.0784,188.6817578,464.3966422,0,0.1172,41,Telfort,0
673,ADF1287,240,8,4769.2968,3086.754463,1682.542337,13,325849.4277,136,T-Mobile,0
674,ADF1717,4118,137.27,5646.36,2123.296955,3523.063045,0,401235.039,645,KPN,1
675,ADF1929,3836,127.87,146632.98,18808.54306,127824.4369,665,1737078.813,678,Ben,1
676,ADF1723,1490,49.67,5813.8704,1331.914363,4481.956037,22,72254.877,130,KPN,1
677,ADF0345,106,3.53,46.62,17.07723149,29.54276851,0,899.877,1,TELE2,1
678,ADF1814,2490,83,10762.56,2207.092244,8555.467756,69,1336272.676,177,NA,1
679,ADF1790,240,8,8303.5464,2691.365753,5612.180647,148,39738.3574,207,TELE2,1
680,ADF1274,1628,54.27,4379.976,2184.564672,2195.411328,22,48.2852,157,Vodafone,0
681,ADF1143,3701,123.37,2652.5064,1715.957564,936.5488355,2,292.5508,165,Ben,0
682,ADF1688,1221,40.7,4614.4104,966.7938197,3647.61658,13,1609946.444,523,Vodafone,1
683,ADF1594,407,13.57,487.7256,88.35020713,399.3753929,20,39.8291,17,TELE2,1
684,ADF0421,1330,44.33,363.0216,145.5978643,217.4237357,0,9527230.541,14,TELE2,1
685,ADF0548,363,12.1,6583.2024,2831.923671,3751.278729,84,459614.2197,415,Vodafone,1
686,ADF0522,3721,124.03,1288.08,811.9451359,476.1348641,46,359042.4961,58,TELE2,1
687,ADF1412,3419,113.97,6030.66,1854.874985,4175.785015,0,4884453.493,170,T-Mobile,0
688,ADF0348,103,3.43,89.832,37.41545032,52.41654968,0,8.2959,2,TELE2,1
689,ADF0313,117,3.9,2855.8224,1478.876237,1376.946163,81,4282439.772,28,Telfort,0
690,ADF0294,215,7.17,1896.36,314.801375,1581.558625,12,20587154.08,3,TELE2,0
691,ADF0413,3669,122.3,344.22,79.385024,264.834976,33,44.168,6,Vodafone,1
692,ADF1375,2492,83.07,5666.76,3161.642095,2505.117905,0,1218412.512,353,TELE2,0
693,ADF1552,3441,114.7,96.732,27.72132196,69.01067804,2,271.1836,13,KPN,1
694,ADF1060,112,3.73,1025.1984,781.8306238,243.3677762,2,435072.4121,44,Ben,0
695,ADF1452,2829,94.3,6551.34,5652.202755,899.1372449,1,1875860.98,507,KPN,0
696,ADF0314,1845,61.5,2858.64,1874.670283,983.9697166,20,86713.3955,5,TELE2,0
697,ADF1750,741,24.7,6658.08,1095.170963,5562.909037,74,2030722.286,687,Vodafone,1
698,ADF0598,1073,35.77,7034.0472,2085.744655,4948.302545,24,32489.2959,166,Ben,0
699,ADF0508,112,3.73,1172.232,208.1322297,964.0997703,0,1015036.084,13,Ben,1
700,ADF1410,2615,87.17,5988.54,1536.321397,4452.218603,12,1581541.407,554,KPN,0
701,ADF0312,769,25.63,2786.16,1836.050997,950.109003,4,5232139.294,38,Vodafone,0
702,ADF0336,433,14.43,6332.796,4414.335195,1918.460805,0,233628.2148,317,TELE2,0
703,ADF1396,143,4.77,5843.7984,1552.696104,4291.102296,22,920871.0674,421,Vodafone,0
704,ADF1406,225,7.5,5980.14,3219.120637,2761.019363,12,79458.5771,240,T-Mobile,0
705,ADF1582,174,5.8,394.62,71.87218618,322.7478138,11,22041.8564,16,TELE2,1
706,ADF0540,337,11.23,5301.3432,1517.108951,3784.234249,59,1794729.694,122,Vodafone,1
707,ADF1980,1307,43.57,851.028,518.574171,332.453829,0,882.1299,24,Vodafone,1
708,ADF1449,215,7.17,6495.3,4631.857126,1863.442874,6,3181991.859,813,KPN,0
709,ADF0428,197,6.57,387.048,30.55726821,356.4907318,24,334.6318,4,TELE2,1
710,ADF0430,2856,95.2,397.392,85.8262629,311.5657371,15,502.3643,24,KPN,1
711,ADF1751,3188,106.27,6722.9472,293.3239814,6429.623219,21,363669.5761,934,Vodafone,1
712,ADF0102,1319,-221,3776.58,2059.116122,1717.463878,1,6246910.872,72,Vodafone,1
713,ADF1469,1438,47.93,6807.276,1728.675222,5078.600778,28,5869747.645,51,TELE2,0
714,ADF0446,104,3.47,480.72,152.1837164,328.5362836,0,1667697.537,11,Vodafone,1
715,ADF0114,1388,46.27,4682.8608,1447.714179,3235.146621,77,13467.8398,76,Ben,1
716,ADF0584,631,21.03,2195.6448,1605.797667,589.8471331,132,3084.3545,33,Ben,0
717,ADF1366,2848,94.93,5521.26,2127.832225,3393.427775,7,2835940.224,531,Ben,0
718,ADF0419,109,3.63,361.908,12.21619206,349.6918079,18,21729.6387,3,Ben,1
719,ADF1487,1335,44.5,7032.936,4597.262642,2435.673358,1,1446.125,207,Telfort,0
720,ADF1985,1361,45.37,1225.8768,754.2941468,471.5826532,28,1.1426,36,Telfort,1
721,ADF1480,1872,62.4,6928.812,3431.183284,3497.628716,12,27260.4551,539,Vodafone,0
722,ADF1563,2381,79.37,206.46,83.5171499,122.9428501,7,546.4785,12,KPN,1
723,ADF0082,2464,82.13,533.892,107.68941,426.20259,27,2.8633,4,Vodafone,1
724,ADF2000,2308,76.93,2891.4,1173.221604,1718.178396,0,620515.1875,3,,0
725,ADF1503,5349,178.3,7281.3024,2437.007145,4844.295255,9,151202.7188,379,KPN,0
726,ADF1318,2194,73.13,5196.1128,1413.740503,3782.372297,82,64.7021,345,KPN,0
727,ADF0439,105,3.5,452.4,149.8330319,302.5669681,10,2401224.12,22,KPN,1
728,ADF1886,829,27.63,4669.3584,3223.337939,1446.020461,9,392048.3506,12,Telfort,0
729,ADF1203,770,25.67,3300.432,933.2291501,2367.20285,8,52776.748,182,TELE2,0
730,ADF0131,1914,63.8,9556.32,3835.748613,5720.571387,23,11.6113,375,Ben,1
731,ADF0038,117,3.9,298.02,178.2977322,119.7222678,0,6941.0615,1,Vodafone,0
732,ADF0440,119,3.97,454.416,60.46104008,393.9549599,0,355209.9775,5,Vodafone,1
733,ADF0319,2539,84.63,3035.28,1002.247992,2033.032008,9,3.6846,1156,0,0
734,ADF0488,1232,41.07,871.98,580.071386,291.908614,0,2051331.76,4,TELE2,1
735,ADF1459,1618,53.93,6666.48,1895.277228,4771.202772,14,1403.2412,290,Vodafone,0
736,ADF1284,385,12.83,4535.724,3273.558063,1262.165937,0,8305154.895,5,KPN,0
737,ADF0496,1628,54.27,981.324,565.9078979,415.4161021,20,11338.4248,24,Ben,1
738,ADF0277,3804,126.8,1383.18,787.8093341,595.3706659,12,312.6758,41,TELE2,0
739,ADF1271,143,4.77,4331.628,2972.25638,1359.37162,48,0.8584,225,KPN,0
740,ADF1684,2028,67.6,4539.3048,2255.632104,2283.672696,22,75684.2656,191,Vodafone,1
741,ADF0101,1364,45.47,1352.7528,666.7309715,686.0218285,20,27652.7637,27,Vodafone,1
742,ADF1538,3920,130.67,23467.8,15579.72091,7888.079092,54,29129.9268,1807,Telfort,0
743,ADF1732,3614,120.47,5930.832,2033.586086,3897.245914,13,1586000.986,54,Telfort,1
744,ADF1089,1159,38.63,1680.756,906.6882155,774.0677845,2,13.1885,28,Ben,0
745,ADF0118,3274,109.13,6111.048,1988.624461,4122.423539,147,6639.9375,141,KPN,1
746,ADF1713,2161,72.03,5533.7904,992.5519314,4541.238469,9,6862866.961,260,KPN,1
747,ADF1355,149,4.97,5467.7904,3046.29729,2421.49311,135,13956.0303,226,TELE2,0
748,ADF1388,4792,159.73,5779.98,2148.13155,3631.84845,2,1268950.891,571,T-Mobile,0
749,ADF1307,130,4.33,5029.608,4008.032301,1021.575699,6,12358480.18,304,Vodafone,0
750,ADF1926,944,31.47,17641.08,6327.984891,11313.09511,169,143.9502,708,Vodafone,1
751,ADF1560,588,19.6,195.144,110.2909642,84.85303584,12,1018.0488,4,KPN,1
752,ADF1619,1316,43.87,766.74,262.108334,504.631666,43,669.8418,9,KPN,1
753,ADF0627,2087,69.57,4270.5624,2853.835342,1416.727058,33,221.0459,112,0,1
754,ADF0591,1239,41.3,4117.788,1747.619555,2370.168445,23,1322.0596,75,Telfort,0
755,ADF0607,198,6.6,423.168,313.1100548,110.0579452,27,222280.8135,37,KPN,1
756,ADF1841,2392,79.73,19020.84,12079.60922,6941.230781,5,8041.1484,353,0,1
757,ADF1718,1531,51.03,5667.4872,1553.449972,4114.037228,86,201623.1035,252,KPN,1
758,ADF1605,346,11.53,598.56,159.9874242,438.5725758,18,120.5049,28,KPN,1
759,ADF1260,2054,68.47,4147.26,2435.762879,1711.497121,0,306773.4971,317,KPN,0
760,ADF1687,304,10.13,4605.84,2960.557808,1645.282192,27,896054.166,279,T-Mobile,1
761,ADF0523,1505,50.17,1306.5,362.9203094,943.5796906,14,357537.4287,3,Vodafone,1
762,ADF1788,2541,84.7,8239.92,2537.660944,5702.259056,44,1696497.013,427,Vodafone,1
763,ADF1479,3097,103.23,6913.98,4567.862704,2346.117296,16,124973.1816,510,KPN,0
764,ADF1457,2147,71.57,6632.58,3587.160998,3045.419002,0,265478.4893,332,Vodafone,0
765,ADF1421,3744,124.8,6160.788,4151.447804,2009.340196,2,355.0362,1253,TELE2,0
766,ADF1995,161,5.37,6655.188,2810.673278,3844.514722,23,978.1816,385,T-Mobile,1
767,ADF1544,2713,90.43,35876.472,28054.85922,7821.612779,48,83449734.18,1127,KPN,0
768,ADF0067,2898,96.6,5891.1,3827.468921,2063.631079,0,43002.6015,87,Vodafone,0
769,ADF0592,571,19.03,4168.752,2231.147117,1937.604883,5,43008956.74,17,Vodafone,0
770,ADF1059,3738,124.6,1022.64,92.35950436,930.2804956,0,8602.2959,17,Vodafone,0
771,ADF0389,590,19.67,260.052,167.6364229,92.41557709,30,139.3408,3,TELE2,1
772,ADF0538,343,11.43,4951.356,328.7701408,4622.585859,26,965185.4366,45,KPN,1
773,ADF1851,1196,39.87,34000.9248,11854.82083,22146.10397,0,3235063.165,659,Vodafone,1
774,ADF1766,3711,123.7,7422.9,3969.83073,3453.06927,20,194094.8203,128,Vodafone,1
775,ADF1578,554,18.47,364.26,241.0092248,123.2507752,29,3391.0479,2,KPN,1
776,ADF0632,1410,47,6896.8824,4831.858163,2065.024237,25,1442.4326,339,Ben,1
777,ADF1088,114,3.8,1636.02,227.461505,1408.558495,58,24673.2725,60,T-Mobile,0
778,ADF1136,2316,77.2,2559.768,455.2450181,2104.522982,0,287544.4825,36,TELE2,0
779,ADF0054,2241,74.7,2575.5,1963.28216,612.2178401,23,26957.125,36,KPN,0
780,ADF0275,805,26.83,1322.7,517.1707611,805.5292389,8,179821.1963,42,TELE2,0
781,ADF0106,189,6.3,3899.16,2465.146024,1434.013976,11,64,281,Vodafone,1
782,ADF1494,2116,70.53,7126.4376,4187.071371,2939.366229,18,25908963.2,102,Telfort,0
783,ADF1660,4047,134.9,1266.504,354.1370057,912.3669943,33,3122.2002,265,Vodafone,1
784,ADF0315,3671,122.37,2861.82,602.1084858,2259.711514,19,466197.4561,21,T-Mobile,0
785,ADF1243,2667,88.9,3896.748,2292.265422,1604.482578,26,1767.665,400,KPN,0
786,ADF0355,446,14.87,120.18,14.55617082,105.6238292,7,29.0898,5,TELE2,1
787,ADF1839,211,7.03,17046.96,11475.70979,5571.250211,36,1032632.521,714,Ben,1
788,ADF1672,3850,128.33,3902.5848,527.0838007,3375.500999,14,19.5117,122,Ben,1
789,ADF1099,3762,125.4,1904.172,180.1383555,1724.033645,1,800.7617,53,T-Mobile,0
790,ADF1482,158,5.27,6986.2032,1521.212452,5464.990748,27,14264167.72,139,KPN,0
791,ADF0626,238,7.93,4245.8112,1003.806074,3242.005126,22,85675.5967,75,Ben,1
792,ADF1200,1003,33.43,3263.6784,2451.980439,811.6979612,4,21058.7041,122,Ben,0
793,ADF0457,1499,49.97,598.68,336.5378783,262.1421217,0,105437.749,8,TELE2,1
794,ADF1958,904,30.13,1990.548,1311.744662,678.8033382,1,545301.8906,4,KPN,0
795,ADF1126,1202,40.07,2454.648,1193.671468,1260.976532,123,1549688.659,173,TELE2,0
796,ADF1792,2073,69.1,8424.8976,1626.022357,6798.875243,174,2531.7246,389,Vodafone,1
797,ADF1698,1266,42.2,4916.964,509.1494075,4407.814592,52,105176.2051,273,Ben,1
798,ADF1465,3298,109.93,6755.46,4877.904167,1877.555833,167,39512.8291,255,T-Mobile,0
799,ADF1129,993,33.1,2487.732,799.9576617,1687.774338,5,12065888.21,63,TELE2,0
800,ADF1034,1343,44.77,290.0976,217.2230617,72.87453827,0,4568.6416,5,Ben,0
801,ADF1813,2471,82.37,10662.54,3615.759546,7046.780454,6,385583.7412,1090,T-Mobile,1
802,ADF1137,814,27.13,2565.36,1970.380404,594.9795962,16,12.8691,107,Ben,0
803,ADF1175,1383,46.1,3019.9104,606.1933816,2413.717018,24,955695.5263,53,T-Mobile,0
804,ADF0484,110,3.67,847.1328,161.6382645,685.4945355,40,1212.2646,22,KPN,1
805,ADF1467,4131,137.7,6780.18,4360.283551,2419.896449,12,1759968.18,1002,Telfort,0
806,ADF0269,204,6.8,977.6064,115.7851705,861.8212295,10,581798.6514,9,TELE2,0
807,ADF1847,668,22.27,28319.28,8768.335083,19550.94492,2,824864.7744,1578,Vodafone,1
808,ADF1308,595,19.83,5037.4344,1793.001635,3244.432765,74,229.4463,102,KPN,0
809,ADF0264,960,32,750.9,549.1468905,201.7531095,2,12096.7159,22,KPN,0
810,ADF0129,1813,60.43,8465.208,4522.751025,3942.456975,14,4691.7998,244,T-Mobile,1
811,ADF0499,224,7.47,1003.692,183.4881633,820.2038367,16,163534.6055,12,TELE2,1
812,ADF1840,1119,37.3,18744.4296,12182.61789,6561.811709,4,26.1445,787,TELE2,1
813,ADF0459,441,14.7,612.096,117.7458991,494.3501009,0,3741303.069,2,TELE2,1
814,ADF1601,3623,120.77,527.724,231.6404818,296.0835182,22,182.4531,190,TELE2,1
815,ADF1178,4229,140.97,3065.8248,1113.072552,1952.752248,9,1710288.004,687,Vodafone,0
816,ADF1768,1243,41.43,7537.5,2783.038415,4754.461585,219,16262.5264,84,TELE2,1
817,ADF1650,3621,120.7,1153.14,452.0025908,701.1374092,47,2185.9815,375,KPN,1
818,ADF0088,1092,36.4,812.2944,172.2212572,640.0731428,2,365237.5078,11,Vodafone,1
819,ADF1885,493,16.43,4502.7192,3402.420237,1100.298963,8,2396710.231,46,KPN,0
820,ADF0370,579,19.3,204.552,135.0309739,69.52102614,17,8.9033,5,TELE2,1
821,ADF0079,115,3.83,373.512,79.61025765,293.9017424,7,201352.709,13,Vodafone,1
822,ADF1881,227,7.57,1399.38,507.7904133,891.5895867,0,7035971.41,18,T-Mobile,0
823,ADF1781,508,16.93,8073.06,3492.239211,4580.820789,10,16627649.24,415,TELE2,1
824,ADF1184,132,4.4,3108.084,2353.855294,754.2287064,28,15342.9931,105,Ben,0
825,ADF0637,284,9.47,9057.12,3216.565161,5840.554839,70,13476288.06,104,Telfort,1
826,ADF1669,288,9.6,3789.204,2006.928339,1782.275661,66,95146.5557,172,T-Mobile,1
827,ADF1456,3686,122.87,6612.4008,3667.444133,2944.956667,20,382804.5332,99,TELE2,0
828,ADF1300,3670,122.33,4947.12,3612.192156,1334.927844,42,15660515.58,220,TELE2,0
829,ADF1241,248,8.27,3863.3112,2630.738505,1232.572695,14,230.1465,263,Vodafone,0
830,ADF0343,226,7.53,7290.8496,5467.168491,1823.681109,87,897415.3671,60,KPN,0
831,ADF1403,127,4.23,5937.06,3600.134755,2336.925245,0,98.3516,183,Ben,0
832,ADF1265,108,3.6,4246.4448,3265.799648,980.6451521,57,200597.3955,88,Vodafone,0
833,ADF1625,123,4.1,792.108,190.6681807,601.4398193,5,0.5215,24,KPN,1
834,ADF1736,256,8.53,6081.516,1335.543536,4745.972464,22,1.0273,601,KPN,1
835,ADF1735,658,21.93,6042.7152,1941.508098,4101.207102,26,63.0967,149,KPN,1
836,ADF1992,150,5,5199.576,1971.508323,3228.067677,59,12076.6484,117,T-Mobile,1
837,ADF0461,123,4.1,625.4448,222.5055982,402.9392018,2,7017161.825,6,TELE2,1
838,ADF0604,617,20.57,375.492,128.3108511,247.1811489,30,87.2539,11,Ben,1
839,ADF0549,784,26.13,6823.2024,866.1041353,5957.098265,10,9725620.331,112,TELE2,1
840,ADF0278,1751,58.37,1403.712,1004.911171,398.8008288,13,38616.0938,45,Telfort,0
841,ADF0533,159,5.3,4097.832,1135.862173,2961.969827,18,5030090.153,5,TELE2,1
842,ADF0537,2932,97.73,4910.22,2875.821532,2034.398468,43,138.1816,111,0,1
843,ADF1598,340,11.33,520.176,174.6013183,345.5746817,21,390.208,9,Vodafone,1
844,ADF0330,3713,123.77,4356.84,3113.371147,1243.468853,2,13224193.42,38,TELE2,0
845,ADF1124,306,10.2,2397.1488,1292.515842,1104.632958,2,307292.1416,116,Ben,0
846,ADF1518,464,15.47,7491.0624,2707.294729,4783.767671,14,1091314.839,489,Vodafone,0
847,ADF0267,1236,41.2,871.98,483.8604748,388.1195252,0,2051331.76,4,TELE2,0
848,ADF1045,139,4.63,636.72,347.4860653,289.2339347,2,324231.1182,18,KPN,0
849,ADF0271,137,4.57,1077.24,243.7244959,833.5155041,0,714382.6855,22,TELE2,0
850,ADF1618,2083,69.43,761.508,78.00203611,683.5059639,0,0.1016,229,Vodafone,1
851,ADF1401,2966,98.87,5912.46,3714.295293,2198.164707,16,2013456.623,174,Vodafone,0
852,ADF1213,121,4.03,3436.14,2685.999082,750.140918,53,448454.5781,107,0,0
853,ADF1199,124,4.13,3261.348,2265.59775,995.7502497,0,13584969.15,38,KPN,0
854,ADF0364,617,20.57,162.828,19.53449768,143.2935023,8,43513.3242,2,TELE2,1
855,ADF1347,3689,122.97,5405.88,1699.146307,3706.733693,0,73951.0078,723,Telfort,0
856,ADF1697,1356,45.2,4874.76,1099.30736,3775.45264,21,710844.2266,82,TELE2,1
857,ADF1354,258,8.6,5466.78,1954.7962,3511.9838,119,6.1348,247,Vodafone,0
858,ADF1351,143,4.77,5442.96,3459.359803,1983.600197,2,146024.5683,60,T-Mobile,0
859,ADF0528,594,19.8,3939.024,885.8650447,3053.158955,314,25.2627,78,Vodafone,1
860,ADF0475,1443,48.1,769.02,186.5373109,582.4826891,5,636754.415,12,KPN,1
861,ADF0519,471,15.7,1276.008,405.9768039,870.0311961,14,435252.5381,2,TELE2,1
862,ADF0409,3675,122.5,338.0544,51.07920969,286.9751903,38,21.126,2,TELE2,1
863,ADF1084,142,4.73,1449.528,996.8424781,452.6855219,0,10972.0264,37,Telfort,0
864,ADF0138,214,7.13,28041.372,10302.59497,17738.77703,181,3111037.6,144,Ben,1
865,ADF1898,1096,36.53,476.1288,174.2399376,301.8888624,7,1236.8262,5,KPN,1
866,ADF0254,1585,52.83,29.46,0.541043643,28.91895636,0,25706.25,5,TELE2,0
867,ADF1588,1099,36.63,446.916,26.89302226,420.0229777,11,1102293.895,50,KPN,1
868,ADF1206,2762,92.07,3334.824,1036.540164,2298.283836,16,647323.0293,197,KPN,0
869,ADF1374,1053,35.1,5659.86,2631.551577,3028.308423,7,229811.9453,151,KPN,0
870,ADF0263,121,4.03,750.732,264.3607314,486.3712686,0,1674288.928,9,KPN,0
871,ADF1837,1168,38.93,16998.72,2348.98291,14649.73709,39,863.1045,873,Vodafone,1
872,ADF1407,2793,93.1,5980.284,3032.214449,2948.069551,9,580.9766,253,Ben,0
873,ADF1664,436,14.53,1347.552,83.01556471,1264.536435,10,10.3213,14,Ben,1
874,ADF1194,3961,132.03,3211.0824,1269.385997,1941.696403,5,281.1289,148,KPN,0
875,ADF1661,241,8.03,1276.776,411.6504132,865.1255868,36,125.9131,101,Ben,1
876,ADF1091,673,22.43,1735.848,932.1777314,803.6702686,0,686690.9707,3,KPN,0
877,ADF1716,4084,136.13,5572.98,513.7081674,5059.271833,137,17.916,197,Vodafone,1
878,ADF1233,107,3.57,3728.94,3085.397918,643.5420823,152,60931.5264,54,TELE2,0
879,ADF1072,876,29.2,1168.956,622.9957214,545.9602786,0,386.6338,44,KPN,0
880,ADF0287,143,4.77,1743.612,792.9888023,950.6231977,4,8596182.165,10,TELE2,0
881,ADF1140,4254,141.8,2626.2,1802.781855,823.4181449,0,62764.5781,28,Ben,0
882,ADF1613,107,3.57,690.9384,234.6102614,456.3281386,42,122431.9521,21,KPN,1
883,ADF1112,2750,91.67,2143.38,1583.344597,560.0354027,0,4776004.409,11,KPN,0
884,ADF1053,1277,42.57,832.296,167.9621043,664.3338957,49,31.1982,34,Ben,0
885,ADF0293,2130,71,1895.58,913.6453231,981.9346769,51,223510.1436,28,TELE2,0
886,ADF1897,102,3.4,446.688,175.8349289,270.8530711,17,23653.7109,13,Ben,1
887,ADF1276,2312,77.07,4399.6272,1795.521118,2604.106082,65,75.4766,207,Vodafone,0
888,ADF0266,2417,80.57,852.18,220.6577674,631.5222326,7,36694.3652,13,TELE2,0
889,ADF1258,1167,38.9,4081.2744,2415.596554,1665.677846,2,22695.707,544,Ben,0
890,ADF1513,4192,139.73,7393.38,5171.416906,2221.963094,32,67341.581,585,KPN,0
891,ADF1822,2184,72.8,11381.16,5523.242095,5857.917905,66,1621804.077,195,Ben,1
892,ADF0136,508,16.93,22144.98,2542.34319,19602.63681,40,2626969.215,857,0,1
893,ADF1160,115,3.83,2864.52,2277.460187,587.059813,0,8522.4043,135,Ben,0
894,ADF1394,1507,50.23,5837.028,4586.349274,1250.678726,0,2162778.789,456,Ben,0
895,ADF1505,761,25.37,7300.5168,5131.127515,2169.389285,26,67951093.38,332,Vodafone,0
896,ADF0061,3638,121.27,3439.2648,691.589657,2747.675143,34,22440958.85,52,Vodafone,0
897,ADF1076,387,12.9,1260.528,397.7306566,862.7973434,5,168729.2031,61,KPN,0
898,ADF1795,1071,35.7,8609.688,4472.948071,4136.739929,44,21161.9307,483,Ben,1
899,ADF1303,116,3.87,4992.3024,1211.496848,3780.805552,145,1949698.94,127,T-Mobile,0
900,ADF1714,145,4.83,5540.88,3397.618904,2143.261096,0,1949975.294,192,Vodafone,1
901,ADF1444,1097,36.57,6472.86,3867.391968,2605.468032,16,1457.3662,757,Telfort,0
902,ADF1706,1691,56.37,5318.6592,100.4369343,5218.222266,55,355675.6787,395,KPN,1
903,ADF0344,368,12.27,7344.3672,2680.933098,4663.434102,0,1758480.214,16,Ben,0
904,ADF1240,133,4.43,3861.54,2802.717802,1058.822198,41,371358.8438,69,T-Mobile,0
905,ADF0559,297,9.9,9034.6632,262.6623337,8772.000866,55,569540.8233,170,T-Mobile,1
906,ADF1655,610,20.33,1174.248,559.8749544,614.3730456,24,208950.1485,20,TELE2,1
907,ADF1819,2267,75.57,11286.636,1981.616734,9305.019266,9,481.8535,539,KPN,1
908,ADF1988,3168,105.6,3740.52,1396.179942,2344.340058,43,36,73,T-Mobile,1
909,ADF1758,2670,89,7172.94,2349.758698,4823.181302,15,2702688.549,278,Ben,1
910,ADF1615,2019,67.3,708.804,233.5469243,475.2570757,6,1322753.892,38,Ben,1
911,ADF0288,1448,48.27,1859.328,977.200545,882.127455,0,6646839.175,11,Vodafone,0
912,ADF1730,1370,45.67,5900.1,1796.637738,4103.462262,90,112779.6455,445,KPN,1
913,ADF0477,3651,121.7,799.1064,158.3770178,640.7293822,32,107.125,7,TELE2,1
914,ADF1645,2135,71.17,1052.76,387.5018583,665.2581417,0,3056837.457,221,KPN,1
915,ADF1800,2750,91.67,9096.54,3341.655053,5754.884947,14,18422093.07,487,Telfort,1
916,ADF1536,2861,95.37,23328.9912,13394.64553,9934.345669,78,2859107.857,627,Telfort,0
917,ADF1573,2348,78.27,316.032,157.9634676,158.0685324,4,104.8828,56,KPN,1
918,ADF0107,811,27.03,4010.46,369.9988946,3640.461105,2,1024499.979,102,KPN,1
919,ADF1236,122,4.07,3807.348,2183.664356,1623.683644,9,2599025.296,335,KPN,0
920,ADF1035,255,8.5,311.9208,115.5663343,196.3544657,5,468.0684,34,KPN,0
921,ADF1808,4136,137.87,10064.82,2963.601778,7101.218222,54,1354238.308,742,TELE2,1
922,ADF1643,1121,37.37,1034.904,264.2171585,770.6868415,33,200690.9639,269,KPN,1
923,ADF1397,4632,154.4,5845.68,1386.441331,4459.238669,49,365654.5869,92,Telfort,0
924,ADF1335,2096,69.87,5299.02,1422.383599,3876.636401,0,1450858.823,391,T-Mobile,0
925,ADF1390,4190,139.67,5802.5424,2359.169452,3443.372948,25,28293803.79,36,Ben,0
926,ADF0276,847,28.23,1336.3824,909.9751491,426.4072509,0,755157.4844,12,TELE2,0
927,ADF1305,3702,123.4,5007.6984,1515.448995,3492.249405,9,171480.7383,164,KPN,0
928,ADF1180,3702,123.4,3088.188,1048.073812,2040.114188,3,1044334.345,49,Telfort,0
929,ADF1724,395,13.17,5832.1584,2068.2767,3763.8817,31,4537371.109,375,Telfort,1
930,ADF0535,2555,85.17,4641.48,1725.414015,2916.065985,44,415522.1689,89,T-Mobile,1
931,ADF1432,3801,126.7,6318.06,3869.387822,2448.672178,9,225494.2549,1238,Vodafone,0
932,ADF0638,3582,119.4,9925.56,6085.364791,3840.195209,50,42038.0098,238,KPN,1
933,ADF1101,1803,60.1,1940.124,397.6263476,1542.497652,2,13397.5117,77,T-Mobile,0
934,ADF1567,1257,41.9,253.992,139.1251449,114.8668551,17,102.1729,22,KPN,1
935,ADF0260,191,6.37,580.32,489.1608883,91.15911167,0,311388.7041,2,TELE2,0
936,ADF0354,1092,36.4,119.1624,37.18498043,81.97741957,11,64,2,KPN,1
937,ADF0273,3147,104.9,1181.22,191.4060144,989.8139856,10,343113.8818,7,T-Mobile,0
938,ADF1106,2051,68.37,2054.22,492.839341,1561.380659,3,547.8291,315,Ben,0
939,ADF0257,120,4,367.74,46.18051542,321.5594846,4,0.2998,23,Ben,0
940,ADF1767,114,3.8,7530.5064,5357.94702,2172.55938,4,13.2812,656,TELE2,1
941,ADF0292,851,28.37,1888.56,359.8853024,1528.674698,52,121679.9102,17,TELE2,0
942,ADF1087,977,32.57,1594.38,506.2504858,1088.129514,33,18.0938,11,KPN,0
943,ADF1193,101,3.37,3179.9424,2639.143465,540.7989345,42,88869.6904,49,Vodafone,0
944,ADF0458,649,21.63,608.2704,199.5829104,408.6874896,10,14937.3486,14,TELE2,1
945,ADF1884,2347,78.23,3524.9688,1888.775815,1636.192985,7,31568.833,147,Vodafone,0
946,ADF1359,3899,129.97,5501.52,2581.86368,2919.65632,5,366469.0478,1170,KPN,0
947,ADF1491,2040,68,7082.8824,4725.68503,2357.19737,0,7587747.121,700,Ben,0
948,ADF1901,1489,49.63,854.0328,652.7937097,201.2390903,10,517720.3789,69,Telfort,1
949,ADF0427,1668,55.6,380.316,125.5202913,254.7957087,31,190.6748,6,TELE2,1
950,ADF1982,904,30.13,966.78,414.8124214,551.9675786,0,45187.7549,57,Ben,1
951,ADF1119,153,5.1,2318.76,863.9779355,1454.782064,22,2885566.521,54,KPN,0
952,ADF0541,167,5.57,5312.9136,3779.95086,1532.96274,34,462925.0332,157,Ben,1
953,ADF1703,128,4.27,5163.18,525.5750934,4637.604907,90,101.5117,107,Telfort,1
954,ADF0051,2385,79.5,2235.78,906.5443179,1329.235682,4,6.0898,119,Telfort,0
955,ADF1234,2673,89.1,3767.724,2283.356105,1484.367895,14,2889777.257,55,KPN,0
956,ADF0618,405,13.5,863.7504,60.05835287,803.6920471,15,1989145.399,21,TELE2,1
957,ADF1238,682,22.73,3828.2472,1250.2463,2578.0009,65,1966650.778,311,Ben,0
958,ADF1670,913,30.43,3807.0696,1402.523397,2404.546203,21,46268.8594,160,KPN,1
959,ADF1844,2505,83.5,20675.7,10767.41111,9908.288887,244,571193.6367,657,Ben,1
960,ADF0070,508,16.93,40193.8056,7839.353987,32354.45161,23,980645.2842,1378,Vodafone,0
961,ADF1353,4232,141.07,5462.76,743.6867795,4719.073221,15,2857898.337,257,Vodafone,0
962,ADF0108,180,6,4122.66,1147.435836,2975.224164,137,17036.7813,143,Vodafone,1
963,ADF1581,3702,123.4,392.988,93.83855039,299.1494496,33,114.2627,6,KPN,1
964,ADF1105,3089,102.97,2052.276,289.0193435,1763.256657,93,117214.833,87,Vodafone,0
965,ADF0411,1135,37.83,338.448,125.0635617,213.3844383,4,8103814.455,2,TELE2,1
966,ADF1313,1419,47.3,5058.3624,1332.558021,3725.804379,23,510439.3584,210,KPN,0
967,ADF1095,115,3.83,1791.468,1455.699428,335.7685718,0,2368606.361,14,Ben,0
968,ADF1446,3096,103.2,6479.3904,2005.191828,4474.198572,2,17374263.26,223,Vodafone,0
969,ADF1038,2202,73.4,355.6344,53.52622272,302.1081773,0,161.8057,8,TELE2,0
970,ADF1579,3171,105.7,378.2208,113.9606877,264.2601123,23,14.0781,4,KPN,1
971,ADF1229,3722,124.07,3669.3216,2031.780586,1637.541014,10,954.2979,567,KPN,0
972,ADF1568,1324,44.13,261.78,56.04530054,205.7346995,0,13.1807,35,KPN,1
973,ADF0367,1226,40.87,187.812,76.11166418,111.7003358,15,7.8818,2,TELE2,1
974,ADF0321,3201,106.7,3183.18,2198.630441,984.5495592,48,20.2422,139,Ben,0
975,ADF1915,1447,48.23,7539.06,4493.225742,3045.834258,13,1077175.15,340,Telfort,1
976,ADF1383,170,5.67,5751.78,1733.940477,4017.839523,49,23427.8515,119,KPN,0
977,ADF1108,110,3.67,2115.1392,494.9150392,1620.224161,28,53194.5898,306,KPN,0
978,ADF0531,2802,93.4,3991.908,2206.042783,1785.865217,18,1825127.302,174,Vodafone,1
979,ADF1427,3460,115.33,6270.888,1457.197001,4813.690999,13,82667.3496,339,Ben,0
980,ADF1652,2187,72.9,1155.552,774.0732942,381.4787058,26,4867.9609,74,Vodafone,1
981,ADF0583,129,4.3,1302.66,780.0698656,522.5901344,8,74870.207,39,Vodafone,0
982,ADF0351,99,3.3,96.912,63.74734713,33.16465287,0,620062.2246,1,TELE2,1
983,ADF1196,411,13.7,3216.9048,2312.711139,904.1936613,35,997233.5264,112,TELE2,0
984,ADF1651,1651,55.03,1153.6824,248.0169605,905.6654395,39,27025.8789,18,Ben,1
985,ADF0471,146,4.87,721.7568,188.0328135,533.7239865,8,230.3584,41,Vodafone,1
986,ADF1849,3804,126.8,32561.34,7593.800041,24967.53996,0,54.8057,2596,T-Mobile,1
987,ADF1273,1010,33.67,4359.48,3586.784461,772.6955388,3,22939555.07,87,KPN,0
988,ADF1093,2450,81.67,1757.04,914.0364384,843.0035616,0,309202.9942,70,KPN,0
989,ADF1539,2471,82.37,24012.4248,18885.43433,5126.990473,2,6415749.894,1149,KPN,0
990,ADF0512,120,4,1209.78,252.3755387,957.4044613,5,175380.3223,20,TELE2,1
991,ADF0357,670,22.33,130.56,19.19891025,111.3610897,0,3059.6924,9,KPN,1
992,ADF0602,211,7.03,335.388,169.1519068,166.2360932,0,4257006.446,7,Ben,1
993,ADF1960,2292,76.4,3270.252,987.1370206,2283.114979,6,481967.3311,32,T-Mobile,0
994,ADF0614,1766,58.87,581.976,91.01665904,490.959341,14,87.2783,19,Ben,1
995,ADF1382,138,4.6,5751.66,1725.751469,4025.908531,0,933169.1904,225,Vodafone,0
996,ADF0096,110,3.67,1035.84,662.2394869,373.6005131,0,1452503.742,1,Vodafone,1
997,ADF1211,3340,111.33,3399.96,2444.023095,955.9369055,0,287165.4756,210,0,0
998,ADF1288,1165,38.83,4782.204,789.7341073,3992.469893,0,102643.6465,155,T-Mobile,0
999,ADF0511,99,3.3,1205.7,359.1682264,846.5317736,12,12104261.51,4,TELE2,1
1000,ADF1262,1361,45.37,4188.432,3037.475908,1150.956092,13,18960728.63,30,T-Mobile,0
1001,ADF0615,173,5.77,626.352,472.4289499,153.9230501,4,1201.4395,19,T-Mobile,1
1002,ADF0629,435,-103,4740.132,3105.652072,1634.479928,80,536495.0674,81,Telfort,1
1003,ADF1183,116,3.87,3106.74,2002.787263,1103.952737,0,4692574.159,53,Vodafone,0
1004,ADF1195,1037,34.57,3213.576,1262.995641,1950.580359,20,261020.0381,386,TELE2,0
1005,ADF0380,986,32.87,249.4224,33.51278617,215.9096138,9,11633.4287,1,TELE2,1
1006,ADF1528,793,26.43,21379.74,6586.693218,14793.04678,28,7069080.733,1252,T-Mobile,0
1007,ADF0593,1802,60.07,4783.872,2784.828322,1999.043678,56,625726.6943,182,Telfort,0
1008,ADF1803,687,22.9,9248.4984,2509.442635,6739.055765,166,357186.3018,746,Telfort,1
1009,ADF0041,1316,43.87,593.3424,404.1879667,189.1544333,4,1.0244,27,KPN,0
1010,ADF1420,3210,107,6146.892,3323.06221,2823.82979,0,2718053.559,12,TELE2,0
1011,ADF1554,2152,71.73,124.44,38.66185394,85.77814606,0,873602.5283,50,KPN,1
1012,ADF1610,3813,127.1,647.364,441.9025944,205.4614056,19,7904.5889,60,KPN,1
1013,ADF0121,634,21.13,6928.1424,1467.215568,5460.926832,10,1132914.542,48,Telfort,1
1014,ADF1445,1053,35.1,6473.5344,4220.060034,2253.474366,2,8.873,1174,KPN,0
1015,ADF0328,335,11.17,4290.48,2626.975553,1663.504447,0,45463510.37,17,TELE2,0
1016,ADF0595,1443,48.1,5272.98,3142.918974,2130.061026,61,171.8359,50,Ben,0
1017,ADF1547,1659,55.3,40615.3344,28998.19562,11617.13878,354,3812354.169,123,TELE2,0
1018,ADF0581,1348,44.93,1064.82,255.3133981,809.5066019,0,585569.2217,2,Ben,0
1019,ADF0468,1353,45.1,698.6904,170.4893288,528.2010712,7,8455640.64,4,TELE2,1
1020,ADF1715,482,16.07,5567.652,1280.278381,4287.373619,27,152009.5557,156,TELE2,1
1021,ADF0391,344,11.47,263.22,85.49483675,177.7251632,22,106.6865,1,TELE2,1
1022,ADF0103,1309,43.63,3856.8,98.16140615,3758.638594,23,246.6484,56,Vodafone,1
1023,ADF0307,1552,51.73,2532.66,934.2662513,1598.393749,15,20415.502,15,Ben,0
1024,ADF1522,463,15.43,7560.3264,3898.459174,3661.867226,14,1903109.87,46,Telfort,0
1025,ADF0529,352,11.73,3958.56,1501.149932,2457.410068,20,108975.8447,107,TELE2,1
1026,ADF0487,618,20.6,855.06,269.5891531,585.4708469,35,7448.8613,19,Telfort,1
1027,ADF1440,447,14.9,6375.744,2844.933963,3530.810037,1,7412235.206,420,Ben,0
1028,ADF0104,1217,40.57,3856.872,1631.344818,2225.527182,40,409.293,103,Telfort,1
1029,ADF1058,103,3.43,922.7784,258.2817814,664.4966186,4,22028.7754,34,KPN,0
1030,ADF1665,1643,54.77,3674.34,2011.336907,1663.003093,0,1070314.812,137,Telfort,1
1031,ADF1447,3805,126.83,6482.52,4656.002959,1826.517041,0,217563.1035,469,T-Mobile,0
1032,ADF0390,2887,96.23,261.24,85.99156491,175.2484351,0,22188.1152,1,TELE2,1
1033,ADF1103,3704,123.47,1997.124,504.0364959,1493.087504,10,22.04,91,KPN,0
1034,ADF1115,3504,116.8,2202.012,1730.542443,471.4695574,27,725414.3242,50,KPN,0
1035,ADF1032,1685,56.17,217.392,62.82188536,154.5701146,5,273.2334,28,KPN,0
1036,ADF1325,2886,96.2,5253.84,2387.784691,2866.055309,0,230007.955,974,Ben,0
1037,ADF1357,152,5.07,5494.38,1966.008846,3528.371154,0,284724.6142,172,Ben,0
1038,ADF1905,1729,57.63,3986.8272,608.9987608,3377.828439,28,292.4404,126,KPN,1
1039,ADF1600,3837,127.9,525.576,228.3078693,297.2681307,26,12.6611,28,TELE2,1
1040,ADF0353,204,6.8,111.132,29.55192608,81.58007392,10,19.0918,2,Ben,1
1041,ADF1286,120,4,4681.3944,519.3093478,4162.085052,4,647824.2949,168,T-Mobile,0
1042,ADF1668,439,14.63,3778.6344,1889.48445,1889.14995,44,918.1826,62,KPN,1
1043,ADF1923,942,31.4,14134.62,5092.345973,9042.274027,167,3161488.526,582,KPN,1
1044,ADF1699,938,31.27,4989.54,3223.392796,1766.147204,6,1314517.2,18,KPN,1
1045,ADF1275,435,14.5,4398.4968,2509.048554,1889.448246,16,328063.7764,54,KPN,0
1046,ADF1254,2213,73.77,4056.8712,1215.398539,2841.472661,17,341473.6563,76,TELE2,0
1047,ADF1363,795,26.5,5520.852,3703.321217,1817.530783,0,47665.3779,1582,Vodafone,0
1048,ADF1379,297,9.9,5694,3505.813876,2188.186124,1,207150.8173,763,Ben,0
1049,ADF1690,152,5.07,4656.3552,2748.484107,1907.871093,28,7530947.808,76,Telfort,1
1050,ADF0558,2013,67.1,8519.892,5340.027536,3179.864464,19,2259772.761,30,Ben,1
1051,ADF1971,109,3.63,270.54,64.11081349,206.4291865,0,658162.2734,20,KPN,1
1052,ADF1973,195,6.5,469.464,331.4028605,138.0611395,31,479.1865,19,T-Mobile,1
1053,ADF0588,382,12.73,3120.396,1569.493757,1550.902243,11,199785.2197,67,TELE2,0
1054,ADF0256,1264,42.13,172.224,105.4571336,66.76686636,1,12453173.39,8,TELE2,0
1055,ADF1975,356,11.87,536.268,313.7660665,222.5019335,17,1332.4814,4,T-Mobile,1
1056,ADF1540,1835,61.17,25479.36,8325.542674,17153.81733,123,889.876,1580,Telfort,0
1057,ADF1074,946,31.53,1232.88,124.3074965,1108.572504,5,1010220.822,38,T-Mobile,0
1058,ADF1745,2913,97.1,6512.292,2921.119127,3591.172873,62,6499202.161,68,T-Mobile,1
1059,ADF0601,1378,45.93,274.2288,172.4492171,101.7795829,10,7.7002,8,Ben,1
1060,ADF1648,1110,37,1146.636,722.3672975,424.2687025,12,20623.2764,336,KPN,1
1061,ADF1125,2658,88.6,2446.56,1729.889051,716.6709487,14,25586.6807,232,Ben,0
1062,ADF1517,1794,59.8,7491.0624,4622.100202,2868.962198,58,5109445.314,308,TELE2,0
1063,ADF1481,1705,56.83,6964.6128,4854.466088,2110.146712,5,348.5996,823,Telfort,0
1064,ADF1380,1944,64.8,5733.984,2870.605043,2863.378957,17,5846.5674,547,Telfort,0
1065,ADF1386,112,3.73,5777.28,4096.583915,1680.696085,382,465265.4814,187,Ben,0
1066,ADF1904,216,7.2,3853.56,1376.134658,2477.425342,80,168563.4658,94,Ben,1
1067,ADF1737,579,19.3,6124.7592,2206.631636,3918.127564,82,23957.9805,189,Vodafone,1
1068,ADF1510,2159,71.97,7374.84,2032.14889,5342.69111,57,170993.0713,659,Ben,0
1069,ADF1799,3649,121.63,9072.2712,2486.024588,6586.246612,86,1381688.899,143,Telfort,1
1070,ADF1685,107,3.57,4560.6504,2660.62742,1900.02298,439,112353.752,53,Telfort,1
1071,ADF1818,2189,72.97,11050.14,1207.394584,9842.745416,18,181525.6894,340,KPN,1
1072,ADF0532,92,3.07,4033.44,2725.530631,1307.909369,69,232209.208,121,Vodafone,1
1073,ADF1107,227,7.57,2059.6848,277.3509442,1782.333856,65,176679.2842,29,KPN,0
1074,ADF1604,3487,116.23,593.364,397.5770411,195.7869589,2,31186.96,6,TELE2,1
1075,ADF0480,839,27.97,820.656,20.64344426,800.0125557,25,13242.5566,1,TELE2,1
1076,ADF1902,4162,138.73,1001.616,330.4574434,671.1585566,29,114251.0625,3,Telfort,1
1077,ADF0553,1779,59.3,7319.4,1264.236613,6055.163387,22,4179691.603,19,TELE2,1
1078,ADF0095,441,14.7,1017.3888,194.2138737,823.1749263,46,6635.3525,26,Vodafone,1
1079,ADF0358,1651,55.03,138.06,74.1982509,63.8617491,7,24.1104,7,TELE2,1
1080,ADF1741,2587,86.23,6372.648,1810.719258,4561.928742,62,32.7051,471,Telfort,1
1081,ADF0274,3291,109.7,1195.128,807.032442,388.095558,0,87203.6817,4,TELE2,0
1082,ADF1728,2392,79.73,5885.376,894.0736576,4991.302342,76,203520.3027,141,Ben,1
1083,ADF0331,202,6.73,4401.06,3643.044738,758.015262,11,2916819.267,306,TELE2,0
1084,ADF1376,4252,141.73,5671.32,799.9154758,4871.404524,4,1358.5557,416,TELE2,0
1085,ADF1381,1727,57.57,5737.2,2558.026964,3179.173036,41,645881.9541,961,TELE2,0
1086,ADF1516,3691,123.03,7475.34,5344.733795,2130.606205,45,1137.2705,636,TELE2,0
1087,ADF0398,1682,56.07,310.044,121.9255418,188.1184582,10,1803.3721,5,TELE2,1
1088,ADF1917,1399,46.63,8804.4048,2534.393434,6270.011366,59,191934.6592,251,Vodafone,1
1089,ADF1537,2780,92.67,23450.76,17620.71926,5830.040737,14,1504235.35,1805,Telfort,0
1090,ADF1829,1530,51,13394.46,8069.083926,5325.376074,40,1836078.495,421,Ben,1
1091,ADF1304,2971,99.03,4996.3488,417.2668683,4579.081932,10,103008.5605,224,Ben,0
1092,ADF1361,1417,47.23,5508.42,2618.572081,2889.847919,7,482592.2714,78,KPN,0
1093,ADF0133,373,12.43,12503.82,6228.047407,6275.772593,47,1456032.609,215,TELE2,1
1094,ADF1049,4183,139.43,718.332,339.9407186,378.3912814,2,1699954.774,40,KPN,0
1095,ADF0424,2231,74.37,369.6024,88.92846447,280.6739355,11,641.5312,11,Vodafone,1
1096,ADF0526,117,3.9,3646.92,1888.338156,1758.581844,25,1464461.794,42,Vodafone,1
1097,ADF0485,311,10.37,848.52,37.99703472,810.5229653,42,164.4902,5,Ben,1
1098,ADF0384,100,3.33,257.22,156.8689871,100.3510129,1,10433.1045,1,TELE2,1
1099,ADF0501,174,5.8,1079.76,734.1232063,345.6367937,18,250681.2148,42,KPN,1
1100,ADF0098,2400,80,1114.3104,229.5443414,884.7660586,18,2643.9883,18,Vodafone,1
1101,ADF0341,1426,47.53,6953.2464,2121.041939,4832.204461,13,12780320.19,671,TELE2,0
1102,ADF1322,1673,55.77,5252.4,1517.121578,3735.278422,0,126876.5254,865,Telfort,0
1103,ADF1810,1207,40.23,10518.96,3662.963373,6855.996627,33,1064995.611,361,0,1
1104,ADF1340,3651,121.7,5334.828,1101.698047,4233.129953,1,6065.1719,313,TELE2,0
1105,ADF0316,418,13.93,2882.196,1777.238905,1104.957095,2,23627590.98,3,TELE2,0
1106,ADF1770,793,26.43,7644.48,3701.300848,3943.179152,18,9882732.086,325,T-Mobile,1
1107,ADF1316,2109,70.3,5136.2304,1870.627726,3265.602674,22,3814302.774,37,0,0
1108,ADF0466,746,24.87,689.4,114.3890474,575.0109526,15,71159.9229,15,TELE2,1
1109,ADF0582,1034,34.47,1144.032,785.991206,358.040794,29,9054.3545,5,Ben,0
1110,ADF0599,2081,69.37,7384.92,2361.071426,5023.848574,7,283468.3819,125,KPN,0
1111,ADF1230,4152,138.4,3683.76,1253.100758,2430.659242,57,1526107.752,514,Vodafone,0
1112,ADF0429,787,26.23,392.6304,146.8954214,245.7349786,17,75.5009,12,TELE2,1
1113,ADF0268,1407,46.9,928.2552,755.9943249,172.2608751,0,36510850.47,10,T-Mobile,0
1114,ADF1147,1525,50.83,2747.82,1586.344517,1161.475483,0,569109.3477,132,T-Mobile,0
1115,ADF0444,1146,38.2,472.212,135.1964342,337.0155658,18,2686.0938,6,Telfort,1
1116,ADF1892,3853,128.43,44799.2208,4494.467591,40304.75321,16,2912.3389,1406,T-Mobile,0
1117,ADF0505,3702,123.4,1125,73.69089951,1051.3091,31,40543.8496,18,T-Mobile,1
1118,ADF0551,1532,51.07,6963.12,3379.363319,3583.756681,9,13.6055,111,TELE2,1
1119,ADF1338,2398,79.93,5314.9176,3590.550317,1724.367283,17,1237.3144,619,Ben,0
1120,ADF1571,2032,67.73,294.36,134.2686309,160.0913691,18,13.6904,4,NA,1
1121,ADF1069,114,3.8,1103.04,13.12929481,1089.910705,2,6509.1582,44,TELE2,0
1122,ADF0622,148,4.93,1135.1016,748.6320172,386.4695828,0,250.5811,58,Ben,1
1123,ADF1911,2870,95.67,6189.924,3780.443414,2409.480586,270,124287.8594,82,KPN,1
1124,ADF1242,1856,61.87,3876.7848,2641.641718,1235.143082,4,95443.8779,73,KPN,0
1125,ADF0368,2402,80.07,188.22,74.98507661,113.2349234,10,19.4805,5,Ben,1
1126,ADF0433,1469,48.97,413.28,85.33904316,327.9409568,30,1.2246,7,TELE2,1
1127,ADF1083,439,14.63,1405.26,833.4066749,571.8533251,9,8.7021,32,KPN,0
1128,ADF1677,243,8.1,4217.916,2701.273382,1516.642618,61,872.8867,88,T-Mobile,1
1129,ADF0423,1143,38.1,367.188,54.36059593,312.8274041,10,199.4111,3,TELE2,1
1130,ADF0352,2172,72.4,99.852,31.41317911,68.43882089,0,131274.5869,5,TELE2,1
1131,ADF1329,4158,138.6,5263.14,2326.492226,2936.647774,0,2150561.275,411,Telfort,0
1132,ADF1646,1316,43.87,1088.16,188.8620229,899.2979771,32,32.9824,14,KPN,1
1133,ADF1033,121,4.03,252.24,207.9022121,44.33778794,0,8001.2422,19,KPN,0
1134,ADF1204,2320,77.33,3323.4048,2075.883577,1247.521223,11,9587.9639,101,Telfort,0
1135,ADF0068,110,3.67,6543,4560.483237,1982.516763,2,14.9102,303,T-Mobile,0
1136,ADF1721,1785,59.5,5763.3408,2046.626815,3716.713985,35,487125.9462,73,KPN,1
1137,ADF1244,2990,99.67,3900.7608,1946.494446,1954.266354,23,6299003.028,99,Ben,0
1138,ADF0290,1262,42.07,1869.9,933.5456217,936.3543783,18,95451.3741,5,TELE2,0
1139,ADF1679,827,27.57,4342.488,2633.166889,1709.321111,20,43013.333,801,Vodafone,1
1140,ADF0289,1758,58.6,1866.3768,343.9569283,1522.419872,0,179282.8418,11,KPN,0
1141,ADF1135,1212,40.4,2552.0424,1682.159423,869.8829769,1,29697.7451,5,TELE2,0
1142,ADF1326,1912,63.73,5257.62,1962.220502,3295.399498,1,1754570.742,74,T-Mobile,0
1143,ADF1531,423,14.1,21649.32,11428.60733,10220.71267,224,4119552.577,61,0,0
1144,ADF1764,116,3.87,7372.9968,3734.438154,3638.558646,75,8530512.186,108,TELE2,1
1145,ADF1596,139,4.63,517.68,242.2278029,275.4521971,7,90759.8047,12,Ben,1
1146,ADF1853,1187,39.57,45580.272,17398.23824,28182.03376,556,4230259.079,947,TELE2,1
1147,ADF1966,1902,63.4,6298.62,2453.537552,3845.082448,2,289828.3056,141,Ben,0
1148,ADF1141,4153,138.43,2626.2,474.2924255,2151.907575,0,501447.1855,64,Vodafone,0
1149,ADF1733,429,14.3,5970.96,1764.406345,4206.553655,73,1.6973,199,TELE2,1
1150,ADF1443,1447,48.23,6469.98,2212.786576,4257.193424,9,1865896.535,748,T-Mobile,0
1151,ADF1637,224,7.47,942.8088,180.3951647,762.4136353,10,9.7246,132,KPN,1
1152,ADF1525,308,10.27,7604.76,3296.12823,4308.63177,0,2559615.11,656,Telfort,0
1153,ADF1654,381,12.7,1160.232,498.3032408,661.9287592,28,16683.5547,26,KPN,1
1154,ADF1559,2039,67.97,187.332,100.718906,86.61309399,2,6426577.061,11,KPN,1
1155,ADF0059,1614,53.8,3181.2,2517.8836,663.3164002,7,3.3447,69,0,0
1156,ADF1783,1165,38.83,8142.78,1679.822589,6462.957411,27,51771.2051,164,0,1
1157,ADF0365,1568,52.27,177.12,42.36735345,134.7526465,2,745241.5137,3,TELE2,1
1158,ADF1080,4837,161.23,1378.92,361.8016225,1017.118377,25,128160.6065,46,TELE2,0
1159,ADF0404,1267,42.23,333.78,84.4867601,249.2932399,14,5.7637,9,KPN,1
1160,ADF0536,757,25.23,4768.56,2099.656361,2668.903639,22,288646.249,63,T-Mobile,1
1161,ADF1621,1821,60.7,774.0552,419.884569,354.170631,13,5227778.697,72,TELE2,1
1162,ADF1217,4876,162.53,3521.1,2385.374376,1135.725624,9,17335383.62,116,Telfort,0
1163,ADF1114,1499,49.97,2170.3536,1384.186485,786.167115,35,3288.1631,142,Vodafone,0
1164,ADF1626,1099,36.63,807.66,388.0349539,419.6250461,57,17591.0469,33,TELE2,1
1165,ADF1312,140,4.67,5046.924,1342.332611,3704.591389,160,1048012.564,244,T-Mobile,0
1166,ADF1912,439,14.63,6267.7824,3371.690011,2896.092389,97,1020.6504,420,Telfort,1
1167,ADF1332,3148,104.93,5274,2258.689108,3015.310892,0,1414986.074,612,KPN,0
1168,ADF0272,2552,85.07,1108.9248,199.6531929,909.2716071,0,4327937.147,13,TELE2,0
1169,ADF0410,98,3.27,338.22,132.0034438,206.2165562,0,2893799.543,5,TELE2,1
1170,ADF1247,1781,59.37,3976.7784,1405.970248,2570.808152,7,264601.5156,182,Ben,0
1171,ADF1283,204,6.8,4535.34,3034.071327,1501.268673,8,7473126.807,118,KPN,0
1172,ADF1294,141,4.7,4864.2,939.6336472,3924.566353,11,2543055.027,159,Vodafone,0
1173,ADF1315,1257,41.9,5133.936,980.196448,4153.739552,7,33095591.74,53,Vodafone,0
1174,ADF0282,2284,76.13,1570.7112,631.3303724,939.3808276,6,702.9053,73,KPN,0
1175,ADF1065,1635,54.5,1063.248,368.2313558,695.0166442,42,1431.3408,28,T-Mobile,0
1176,ADF0286,164,5.47,1680.48,612.4651172,1068.014883,2,172211.9473,22,KPN,0
1177,ADF0057,6,0.2,2810.5464,1366.389838,1444.156562,32,2772.2129,73,Vodafone,0
1178,ADF0643,1521,50.7,22754.1,11419.22457,11334.87543,72,782.7549,647,Vodafone,1
1179,ADF1092,2454,81.8,1745.34,159.4866358,1585.853364,0,6983.4307,78,Ben,0
1180,ADF1250,123,4.1,4014.66,2394.565431,1620.094569,15,11813558.28,113,KPN,0
1181,ADF0270,472,15.73,1045.92,738.2314671,307.6885329,5,310023.6357,12,KPN,0
1182,ADF1569,185,6.17,263.52,0.078408732,263.4415913,7,5275.4639,10,KPN,1
1183,ADF0279,2262,75.4,1409.1,856.5418856,552.5581144,4,94.2988,47,TELE2,0
1184,ADF0603,111,3.7,355.9224,215.1644516,140.7579484,12,6944.3086,15,KPN,1
1185,ADF1602,1407,46.9,567.0504,57.52259982,509.5278002,0,1032.7432,155,Vodafone,1
1186,ADF1153,1625,54.17,2800.38,1485.683916,1314.696084,3,824.752,40,Telfort,0
1187,ADF1405,1145,38.17,5954.4744,874.0548454,5080.419555,74,1104.9473,131,Ben,0
1188,ADF1448,2437,81.23,6493.86,1247.957113,5245.902887,27,573237.4248,108,Ben,0
1189,ADF1209,3879,129.3,3392.9208,1936.895336,1456.025464,12,117888.5762,66,Telfort,0
1190,ADF0482,2443,81.43,836.556,89.5123011,747.0436989,21,192,28,TELE2,1
1191,ADF1989,580,19.33,3921,1191.27541,2729.72459,44,15981.833,104,Vodafone,1
1192,ADF0377,115,3.83,246.06,133.1140051,112.9459949,0,8033337.324,10,TELE2,1
1193,ADF0362,117,3.9,149.82,48.5282805,101.2917195,0,2305.0537,15,KPN,1
1194,ADF0086,674,22.47,724.296,163.1869723,561.1090277,17,339.5527,10,Vodafone,1
1195,ADF1748,162,5.4,6575.1048,893.723594,5681.381206,0,20744581.69,92,TELE2,1
1196,ADF0077,97,3.23,292.32,96.80307965,195.5169203,0,13034.1445,7,Ben,1
1197,ADF1825,431,14.37,12767.4864,7500.008399,5267.478001,79,1308236.473,779,0,1
1198,ADF1343,351,11.7,5361.42,1190.771271,4170.648729,1,4149373.766,405,Ben,0
1199,ADF1663,175,5.83,1339.188,591.3185021,747.8694979,19,42489.2178,42,Ben,1
1200,ADF0064,3213,107.1,4499.64,3419.142192,1080.497808,24,890776.1983,75,Vodafone,0
